{
	"credit": "Made with Blockbench",
	"texture_size": [64, 64],
	"textures": {
		"0": "dawn:prism/empty_prism",
		"particle": "dawn:prism/empty_prism"
	},
	"elements": [
		{
			"from": [8, 0, -3],
			"to": [24, 1, -2],
			"rotation": {"angle": -45, "axis": "y", "origin": [8, 0, -3]},
			"faces": {
				"north": {"uv": [0.5, 0.5, 4.5, 0.75], "texture": "#0"},
				"east": {"uv": [2.5, 5.5, 2.75, 5.75], "texture": "#0"},
				"south": {"uv": [0.5, 0.75, 4.5, 1], "texture": "#0"},
				"west": {"uv": [2.75, 5.5, 3, 5.75], "texture": "#0"},
				"up": {"uv": [4.5, 1.25, 0.5, 1], "texture": "#0"},
				"down": {"uv": [4.5, 1.25, 0.5, 1.5], "texture": "#0"}
			}
		},
		{
			"from": [7.5, -0.7, -2],
			"to": [8.5, 0.3, 13.3],
			"rotation": {"angle": -45, "axis": "x", "origin": [8, 0, -3]},
			"faces": {
				"north": {"uv": [3.75, 5.5, 4, 5.75], "texture": "#0"},
				"east": {"uv": [1, 3, 4.75, 3.25], "texture": "#0"},
				"south": {"uv": [5.5, 3.75, 5.75, 4], "texture": "#0"},
				"west": {"uv": [1, 3.25, 4.75, 3.5], "texture": "#0"},
				"up": {"uv": [1.25, 7.25, 1, 3.5], "texture": "#0"},
				"down": {"uv": [1.5, 3.5, 1.25, 7.25], "texture": "#0"}
			}
		},
		{
			"from": [7.5, 9.7, -0.9],
			"to": [8.5, 10.7, 14.3],
			"rotation": {"angle": 45, "axis": "x", "origin": [8, 0, 5]},
			"faces": {
				"north": {"uv": [5, 5.5, 5.25, 5.75], "texture": "#0"},
				"east": {"uv": [2.5, 4, 6.25, 4.25], "texture": "#0"},
				"south": {"uv": [5.25, 5.5, 5.5, 5.75], "texture": "#0"},
				"west": {"uv": [2.5, 4.25, 6.25, 4.5], "texture": "#0"},
				"up": {"uv": [0.25, 8.25, 0, 4.5], "texture": "#0"},
				"down": {"uv": [0.5, 4.5, 0.25, 8.25], "texture": "#0"}
			}
		},
		{
			"from": [7.5, -10, -0.3],
			"to": [8.5, -9, 15],
			"rotation": {"angle": -45, "axis": "x", "origin": [8, 0, 5]},
			"faces": {
				"north": {"uv": [4.5, 5.5, 4.75, 5.75], "texture": "#0"},
				"east": {"uv": [4, 0, 7.75, 0.25], "texture": "#0"},
				"south": {"uv": [4.75, 5.5, 5, 5.75], "texture": "#0"},
				"west": {"uv": [4, 0.25, 7.75, 0.5], "texture": "#0"},
				"up": {"uv": [2.25, 7.75, 2, 4], "texture": "#0"},
				"down": {"uv": [2.5, 4, 2.25, 7.75], "texture": "#0"}
			}
		},
		{
			"from": [7.5, 0.4, -2.7],
			"to": [8.5, 1.4, 12.7],
			"rotation": {"angle": 45, "axis": "x", "origin": [8, 0, -3]},
			"faces": {
				"north": {"uv": [4, 5.5, 4.25, 5.75], "texture": "#0"},
				"east": {"uv": [1.5, 3.5, 5.25, 3.75], "texture": "#0"},
				"south": {"uv": [4.25, 5.5, 4.5, 5.75], "texture": "#0"},
				"west": {"uv": [1.5, 3.75, 5.25, 4], "texture": "#0"},
				"up": {"uv": [1.75, 7.75, 1.5, 4], "texture": "#0"},
				"down": {"uv": [2, 4, 1.75, 7.75], "texture": "#0"}
			}
		},
		{
			"from": [8, 0, 12],
			"to": [24, 1, 13],
			"rotation": {"angle": -45, "axis": "y", "origin": [8, 0, -3]},
			"faces": {
				"north": {"uv": [1, 2, 5, 2.25], "texture": "#0"},
				"east": {"uv": [3.5, 5.5, 3.75, 5.75], "texture": "#0"},
				"south": {"uv": [1, 2.25, 5, 2.5], "texture": "#0"},
				"west": {"uv": [5.5, 3.5, 5.75, 3.75], "texture": "#0"},
				"up": {"uv": [5, 2.75, 1, 2.5], "texture": "#0"},
				"down": {"uv": [5, 2.75, 1, 3], "texture": "#0"}
			}
		},
		{
			"from": [0.3, -7.6, 7.8],
			"to": [15.7, -6.6, 8.8],
			"rotation": {"angle": -45, "axis": "z", "origin": [8, 0, -3]},
			"faces": {
				"north": {"uv": [4.5, 0.5, 8.25, 0.75], "texture": "#0"},
				"east": {"uv": [5.5, 5.5, 5.75, 5.75], "texture": "#0"},
				"south": {"uv": [4.5, 0.75, 8.25, 1], "texture": "#0"},
				"west": {"uv": [2.5, 5.75, 2.75, 6], "texture": "#0"},
				"up": {"uv": [8.25, 1.25, 4.5, 1], "texture": "#0"},
				"down": {"uv": [8.25, 1.25, 4.5, 1.5], "texture": "#0"}
			}
		},
		{
			"from": [1.1, 7.3, 7.8],
			"to": [16.3, 8.3, 8.8],
			"rotation": {"angle": 45, "axis": "z", "origin": [8, 0, -3]},
			"faces": {
				"north": {"uv": [4.75, 3, 8.5, 3.25], "texture": "#0"},
				"east": {"uv": [3.25, 5.75, 3.5, 6], "texture": "#0"},
				"south": {"uv": [4.75, 3.25, 8.5, 3.5], "texture": "#0"},
				"west": {"uv": [3.5, 5.75, 3.75, 6], "texture": "#0"},
				"up": {"uv": [8.75, 2.25, 5, 2], "texture": "#0"},
				"down": {"uv": [8.75, 2.25, 5, 2.5], "texture": "#0"}
			}
		},
		{
			"from": [0.4, -7.7, 7.8],
			"to": [15.7, -6.7, 8.8],
			"rotation": {"angle": 45, "axis": "z", "origin": [8, 0, -3]},
			"faces": {
				"north": {"uv": [2.5, 5, 6.25, 5.25], "texture": "#0"},
				"east": {"uv": [5.75, 3.5, 6, 3.75], "texture": "#0"},
				"south": {"uv": [5, 2.5, 8.75, 2.75], "texture": "#0"},
				"west": {"uv": [3.75, 5.75, 4, 6], "texture": "#0"},
				"up": {"uv": [8.75, 3, 5, 2.75], "texture": "#0"},
				"down": {"uv": [6.25, 5.25, 2.5, 5.5], "texture": "#0"}
			}
		},
		{
			"from": [-0.3, 7.3, 7.8],
			"to": [14.9, 8.3, 8.8],
			"rotation": {"angle": -45, "axis": "z", "origin": [8, 0, -3]},
			"faces": {
				"north": {"uv": [4.5, 1.5, 8.25, 1.75], "texture": "#0"},
				"east": {"uv": [2.75, 5.75, 3, 6], "texture": "#0"},
				"south": {"uv": [4.5, 1.75, 8.25, 2], "texture": "#0"},
				"west": {"uv": [3, 5.75, 3.25, 6], "texture": "#0"},
				"up": {"uv": [6.25, 4.75, 2.5, 4.5], "texture": "#0"},
				"down": {"uv": [6.25, 4.75, 2.5, 5], "texture": "#0"}
			}
		},
		{
			"from": [8, 0, -3],
			"to": [9, 1, 13],
			"rotation": {"angle": -45, "axis": "y", "origin": [8, 0, -3]},
			"faces": {
				"north": {"uv": [3, 5.5, 3.25, 5.75], "texture": "#0"},
				"east": {"uv": [0.5, 1.5, 4.5, 1.75], "texture": "#0"},
				"south": {"uv": [3.25, 5.5, 3.5, 5.75], "texture": "#0"},
				"west": {"uv": [0.5, 1.75, 4.5, 2], "texture": "#0"},
				"up": {"uv": [0.75, 6, 0.5, 2], "texture": "#0"},
				"down": {"uv": [1, 2, 0.75, 6], "texture": "#0"}
			}
		},
		{
			"from": [23, 0, -3],
			"to": [24, 1, 13],
			"rotation": {"angle": -45, "axis": "y", "origin": [8, 0, -3]},
			"faces": {
				"north": {"uv": [5.25, 3.5, 5.5, 3.75], "texture": "#0"},
				"east": {"uv": [0, 0, 4, 0.25], "texture": "#0"},
				"south": {"uv": [5.25, 3.75, 5.5, 4], "texture": "#0"},
				"west": {"uv": [0, 0.25, 4, 0.5], "texture": "#0"},
				"up": {"uv": [0.25, 4.5, 0, 0.5], "texture": "#0"},
				"down": {"uv": [0.5, 0.5, 0.25, 4.5], "texture": "#0"}
			}
		}
	],
	"display": {
		"thirdperson_righthand": {
			"rotation": [75, 45, 0],
			"translation": [0, 2.5, 0],
			"scale": [0.375, 0.375, 0.375]
		},
		"thirdperson_lefthand": {
			"rotation": [75, 45, 0],
			"translation": [0, 2.5, 0],
			"scale": [0.375, 0.375, 0.375]
		},
		"firstperson_righthand": {
			"rotation": [0, 45, 0],
			"translation": [0, -2.75, 0],
			"scale": [0.4, 0.4, 0.4]
		},
		"firstperson_lefthand": {
			"rotation": [0, 225, 0],
			"translation": [0, -2.75, 0],
			"scale": [0.4, 0.4, 0.4]
		},
		"ground": {
			"translation": [0, 3, 0],
			"scale": [0.25, 0.25, 0.25]
		},
		"gui": {
			"rotation": [30, 90, 0],
			"translation": [0, 3.75, 0],
			"scale": [0.625, 0.625, 0.625]
		},
		"head": {
			"rotation": [0, 180, 0],
			"translation": [0, 23, 0.5],
			"scale": [0.5, 0.5, 0.5]
		},
		"fixed": {
			"translation": [0, 4, -0.5],
			"scale": [0.5, 0.5, 0.5]
		}
	}
}