{
	"credit": "Made with Blockbench",
	"parent": "striker",
	"texture_size": [32, 32],
	"textures": {
		"0": "dawn:striker/texture_1",
		"1": "dawn:striker/texture_2",
		"particle": "dawn:striker/texture_1"
	},
	"elements": [
		{
			"from": [1.5, -0.5, 1.5],
			"to": [10, 1.5, 3],
			"faces": {
				"north": {"uv": [0, 0, 8.5, 1.2], "texture": "#0"},
				"east": {"uv": [0, 0, 1.5, 1.2], "texture": "#0"},
				"south": {"uv": [0, 0, 8.5, 1.2], "texture": "#0"},
				"west": {"uv": [0, 0, 1.5, 1.2], "texture": "#0"},
				"up": {"uv": [0, 5.75, 16, 11.25], "rotation": 180, "texture": "#0"},
				"down": {"uv": [0, 5.75, 16, 11.25], "texture": "#0"}
			}
		},
		{
			"from": [10, -0.3, 1.7],
			"to": [18, 1.3, 2.6],
			"faces": {
				"north": {"uv": [0, 0, 8, 0.8], "texture": "#0"},
				"east": {"uv": [0, 0, 0.9, 0.8], "texture": "#0"},
				"south": {"uv": [0, 0, 8, 0.8], "texture": "#0"},
				"west": {"uv": [0, 0, 0.9, 0.8], "texture": "#0"},
				"up": {"uv": [0, 9, 16, 12.4], "texture": "#0"},
				"down": {"uv": [0, 9, 16, 12.4], "rotation": 180, "texture": "#0"}
			}
		},
		{
			"from": [7.5, -0.4, 0],
			"to": [18, 1.4, 0.7],
			"faces": {
				"north": {"uv": [0, 0, 10.5, 1], "texture": "#0"},
				"east": {"uv": [0, 0, 0.7, 1], "texture": "#0"},
				"south": {"uv": [0, 0, 10.5, 1], "texture": "#0"},
				"west": {"uv": [0, 0, 0.7, 1], "texture": "#0"},
				"up": {"uv": [0, 8.5, 16, 10.45], "texture": "#0"},
				"down": {"uv": [0, 8.5, 16, 10.45], "rotation": 180, "texture": "#0"}
			}
		},
		{
			"from": [1.7, -0.4, 0],
			"to": [5.6, 1.4, 0.7],
			"faces": {
				"north": {"uv": [0, 0, 3.9, 1], "texture": "#0"},
				"east": {"uv": [0, 0, 0.7, 1], "texture": "#0"},
				"south": {"uv": [0, 0, 3.9, 1], "texture": "#0"},
				"west": {"uv": [0, 0, 0.7, 1], "texture": "#0"},
				"up": {"uv": [0, 8.25, 16, 10.45], "texture": "#0"},
				"down": {"uv": [0, 8.25, 16, 10.45], "rotation": 180, "texture": "#0"}
			}
		},
		{
			"from": [1.7, -0.5, 0.7],
			"to": [18, 1.5, 1.7],
			"faces": {
				"north": {"uv": [0, 0, 16, 1.2], "texture": "#0"},
				"east": {"uv": [15, 10.75, 16, 11.95], "texture": "#0"},
				"south": {"uv": [0, 0, 16, 1.2], "texture": "#0"},
				"west": {"uv": [0, 0, 1, 1.2], "texture": "#0"},
				"up": {"uv": [0, 14.75, 13.5, 16], "rotation": 180, "texture": "#0"},
				"down": {"uv": [0, 0, 16, 1], "texture": "#0"}
			}
		},
		{
			"from": [1.6, -0.4, -0.4],
			"to": [2.6, 1.4, 2.2],
			"rotation": {"angle": -22.5, "axis": "y", "origin": [0, 0, 0]},
			"faces": {
				"north": {"uv": [0, 0, 0.5, 0.9], "texture": "#0"},
				"east": {"uv": [0, 0, 1.3, 0.9], "texture": "#0"},
				"south": {"uv": [0, 0, 0.5, 0.9], "texture": "#0"},
				"west": {"uv": [0, 0, 1.3, 0.9], "texture": "#0"},
				"up": {"uv": [0, 0, 1.3, 0.5], "rotation": 270, "texture": "#0"},
				"down": {"uv": [0, 0, 1.3, 0.5], "rotation": 90, "texture": "#0"}
			}
		},
		{
			"from": [3.8, -0.3, 0],
			"to": [7, 1.3, 7],
			"rotation": {"angle": -22.5, "axis": "y", "origin": [0, 0, 0]},
			"faces": {
				"north": {"uv": [0, 0, 1.6, 0.8], "texture": "#0"},
				"east": {"uv": [0, 0, 3.5, 0.8], "texture": "#0"},
				"south": {"uv": [0, 0, 1.6, 0.8], "texture": "#0"},
				"west": {"uv": [0, 0, 3.5, 0.8], "texture": "#0"},
				"up": {"uv": [0, 0, 1.6, 3.5], "texture": "#0"},
				"down": {"uv": [0, 0, 1.6, 3.5], "texture": "#0"}
			}
		},
		{
			"from": [3.8, -0.3, 7],
			"to": [7.2, 1.3, 7.7],
			"rotation": {"angle": -22.5, "axis": "y", "origin": [0, 0, 0]},
			"faces": {
				"north": {"uv": [0, 0, 3.4, 0.8], "texture": "#0"},
				"east": {"uv": [0, 0, 0.7, 0.8], "texture": "#0"},
				"south": {"uv": [0, 0, 3.4, 0.8], "texture": "#0"},
				"west": {"uv": [0, 0, 0.7, 0.8], "texture": "#0"},
				"up": {"uv": [0, 8.5, 3.4, 10.45], "texture": "#0"},
				"down": {"uv": [0, 0, 3.4, 0.7], "texture": "#0"}
			}
		},
		{
			"from": [4.2, -0.4, 0.5],
			"to": [6.5, 1.4, 6.8],
			"rotation": {"angle": -22.5, "axis": "y", "origin": [0, 0, 0]},
			"faces": {
				"north": {"uv": [0, 0, 2.3, 1], "texture": "#missing"},
				"east": {"uv": [0, 0, 6.8, 1], "texture": "#1"},
				"south": {"uv": [0, 0, 2.3, 1], "texture": "#1"},
				"west": {"uv": [0, 0, 6.8, 1], "texture": "#1"},
				"up": {"uv": [0, 0.5, 16, 16], "texture": "#1"},
				"down": {"uv": [0, 0, 2.3, 6.8], "texture": "#1"}
			}
		},
		{
			"from": [1.3, -0.3, 3.3],
			"to": [2.8, 1.3, 3.9],
			"rotation": {"angle": 0, "axis": "y", "origin": [0, 0, -0.3]},
			"faces": {
				"north": {"uv": [0, 0, 1.9, 0.8], "texture": "#0"},
				"east": {"uv": [0, 0, 0.6, 0.8], "texture": "#0"},
				"south": {"uv": [0, 0, 1.9, 0.8], "texture": "#0"},
				"west": {"uv": [0, 0, 0.6, 0.8], "texture": "#0"},
				"up": {"uv": [0, 10, 1.9, 12.35], "texture": "#0"},
				"down": {"uv": [0, 0, 1.9, 0.6], "texture": "#0"}
			}
		},
		{
			"from": [3.2, -0.3, 2.5],
			"to": [4.2, 1.3, 2.9],
			"rotation": {"angle": -22.5, "axis": "y", "origin": [0, 0, -0.3]},
			"faces": {
				"north": {"uv": [0, 0, 0.5, 0.8], "texture": "#0"},
				"east": {"uv": [0, 0, 0.2, 0.8], "texture": "#0"},
				"south": {"uv": [0, 0, 0.5, 0.8], "texture": "#0"},
				"west": {"uv": [0, 0, 0.2, 0.8], "texture": "#0"},
				"up": {"uv": [0, 0, 0.5, 0.2], "texture": "#0"},
				"down": {"uv": [0, 0, 0.5, 0.2], "texture": "#0"}
			}
		},
		{
			"from": [2.6, 0.8, -0.6],
			"to": [4, 1.1, 0],
			"faces": {
				"north": {"uv": [2, 9.5, 2.3, 9.65], "texture": "#0"},
				"east": {"uv": [2, 9.5, 2.3, 9.65], "texture": "#0"},
				"south": {"uv": [2, 9.5, 2.3, 9.65], "texture": "#0"},
				"west": {"uv": [2, 9.5, 2.3, 9.65], "texture": "#0"},
				"up": {"uv": [2, 9.5, 2.3, 9.65], "texture": "#0"},
				"down": {"uv": [2, 9.5, 2.3, 9.65], "texture": "#0"}
			}
		},
		{
			"from": [2.6, -0.1, -0.6],
			"to": [4, 0.2, 0],
			"faces": {
				"north": {"uv": [2, 9.5, 2.3, 9.65], "texture": "#0"},
				"east": {"uv": [2, 9.5, 2.3, 9.65], "texture": "#0"},
				"south": {"uv": [2, 9.5, 2.3, 9.65], "texture": "#0"},
				"west": {"uv": [2, 9.5, 2.3, 9.65], "texture": "#0"},
				"up": {"uv": [2, 9.5, 2.3, 9.65], "texture": "#0"},
				"down": {"uv": [2, 9.5, 2.3, 9.65], "texture": "#0"}
			}
		},
		{
			"from": [2.6, -0.1, -0.2],
			"to": [4, 1.1, 0],
			"faces": {
				"north": {"uv": [2, 9.5, 2.1, 10.1], "texture": "#0"},
				"east": {"uv": [2, 9.5, 2.1, 10.1], "texture": "#0"},
				"south": {"uv": [2, 9.5, 2.1, 10.1], "texture": "#0"},
				"west": {"uv": [2, 9.5, 2.1, 10.1], "texture": "#0"},
				"up": {"uv": [2, 9.5, 2.1, 10.1], "texture": "#0"},
				"down": {"uv": [2, 9.5, 2.1, 10.1], "texture": "#0"}
			}
		},
		{
			"from": [11.6, 0.4, -0.5],
			"to": [13, 0.6, 0],
			"faces": {
				"north": {"uv": [3.75, 10, 4.45, 10.25], "texture": "#0"},
				"east": {"uv": [3.75, 10, 4.45, 10.25], "texture": "#0"},
				"south": {"uv": [3.75, 10, 4.45, 10.25], "texture": "#0"},
				"west": {"uv": [3.75, 10, 4.45, 10.25], "texture": "#0"},
				"up": {"uv": [3.75, 10, 4.45, 10.25], "texture": "#0"},
				"down": {"uv": [3.75, 10, 4.45, 10.25], "texture": "#0"}
			}
		},
		{
			"from": [5.4, -0.2, 4.6],
			"to": [7.7, 1.2, 5],
			"faces": {
				"north": {"uv": [0, 0, 1.15, 0.7], "texture": "#0"},
				"east": {"uv": [0, 0, 0.2, 0.7], "texture": "#0"},
				"south": {"uv": [0, 0, 1.15, 0.7], "texture": "#0"},
				"west": {"uv": [0, 0, 0.2, 0.7], "texture": "#0"},
				"up": {"uv": [0, 0, 1.15, 0.2], "texture": "#0"},
				"down": {"uv": [0, 0, 1.15, 0.2], "texture": "#0"}
			}
		},
		{
			"from": [8, -0.2, 2.9],
			"to": [8.4, 1.2, 4.3],
			"rotation": {"angle": 0, "axis": "y", "origin": [-0.3, 0, 0]},
			"faces": {
				"north": {"uv": [0, 0, 0.2, 0.7], "texture": "#0"},
				"east": {"uv": [0, 0, 0.7, 0.7], "texture": "#0"},
				"south": {"uv": [0, 0, 0.2, 0.7], "texture": "#0"},
				"west": {"uv": [0, 0, 0.7, 0.7], "texture": "#0"},
				"up": {"uv": [0, 0, 0.2, 0.7], "texture": "#0"},
				"down": {"uv": [0, 0, 0.2, 0.7], "texture": "#0"}
			}
		},
		{
			"from": [1.8, -0.2, 8.8],
			"to": [2.8, 1.2, 9.2],
			"rotation": {"angle": 45, "axis": "y", "origin": [-0.3, 0, 0]},
			"faces": {
				"north": {"uv": [0, 0, 0.5, 0.7], "texture": "#0"},
				"east": {"uv": [0, 0, 0.2, 0.7], "texture": "#0"},
				"south": {"uv": [0, 0, 0.5, 0.7], "texture": "#0"},
				"west": {"uv": [0, 0, 0.2, 0.7], "texture": "#0"},
				"up": {"uv": [0, 0, 0.5, 0.2], "texture": "#0"},
				"down": {"uv": [0, 0, 0.5, 0.2], "texture": "#0"}
			}
		},
		{
			"from": [5.5, -0.1, 3],
			"to": [6.5, 1.1, 4.6],
			"faces": {
				"north": {"uv": [0, 0, 0.5, 0.6], "texture": "#0"},
				"east": {"uv": [0, 0, 0.8, 0.6], "texture": "#0"},
				"south": {"uv": [0, 0, 0.5, 0.6], "texture": "#0"},
				"west": {"uv": [0, 0, 0.8, 0.6], "texture": "#0"},
				"up": {"uv": [0, 0, 0.5, 0.8], "texture": "#0"},
				"down": {"uv": [0, 0, 0.5, 0.8], "texture": "#0"}
			}
		},
		{
			"from": [7.1, -0.1, 0.1],
			"to": [7.4, 1.1, 0.9],
			"rotation": {"angle": -22.5, "axis": "y", "origin": [0, 0, 0]},
			"faces": {
				"north": {"uv": [0, 0, 0.15, 0.6], "texture": "#0"},
				"east": {"uv": [0, 0, 0.4, 0.6], "texture": "#0"},
				"south": {"uv": [0, 0, 0.15, 0.6], "texture": "#0"},
				"west": {"uv": [0, 0, 0.4, 0.6], "texture": "#0"},
				"up": {"uv": [0, 0, 0.15, 0.4], "texture": "#0"},
				"down": {"uv": [0, 0, 0.15, 0.4], "texture": "#0"}
			}
		}
	],
	"display": {
		"thirdperson_righthand": {
			"rotation": [90, -11, -60],
			"translation": [4.75, -2, 0.5],
			"scale": [0.5, 0.5, 0.5]
		},
		"thirdperson_lefthand": {
			"rotation": [90, 11, 60],
			"translation": [-4, -2, 0.5],
			"scale": [0.5, 0.5, 0.5]
		},
		"firstperson_righthand": {
			"rotation": [88.5, 1.5, -80],
			"translation": [15.75, -5.75, -15],
			"scale": [1.5, 1.5, 1.5]
		},
		"ground": {
			"translation": [-0.5, 1.25, 2],
			"scale": [0.5, 0.5, 0.5]
		},
		"gui": {
			"rotation": [90, 45, 0],
			"translation": [4, -1.75, 0]
		},
		"head": {
			"translation": [-1.25, 15.75, 4.25]
		},
		"fixed": {
			"rotation": [90, 0, 0],
			"translation": [-1, -3.75, 7]
		}
	}
}