{
	"credit": "Made with Blockbench",
	"texture_size": [32, 32],
	"textures": {
		"2": "dawn:SVD/texture_1",
		"3": "dawn:SVD/texture_2",
		"particle": "dawn:SVD/texture_1"
	},
	"elements": [
		{
			"from": [4.9, 0.8, 6.8],
			"to": [12.9, 1, 7.5],
			"rotation": {"angle": 0, "axis": "y", "origin": [-9.3, 0, 1]},
			"faces": {
				"north": {"uv": [0, 0, 4, 0.1], "texture": "#3"},
				"east": {"uv": [0, 0, 0.35, 0.1], "texture": "#3"},
				"south": {"uv": [0, 0, 4, 0.1], "texture": "#3"},
				"west": {"uv": [0, 0, 0.35, 0.1], "texture": "#3"},
				"up": {"uv": [13.1375, 15.025, 16, 16], "texture": "#3"},
				"down": {"uv": [0, 0, 4, 0.35], "texture": "#3"}
			}
		},
		{
			"from": [-4.9, 0.2, 6.9],
			"to": [4.9, 0.8, 8],
			"rotation": {"angle": 0, "axis": "y", "origin": [-10.3, 0, 1]},
			"faces": {
				"north": {"uv": [0, 0, 4.9, 0.3], "texture": "#2"},
				"east": {"uv": [0, 0, 0.6, 0.5], "texture": "#2"},
				"south": {"uv": [0, 0, 4.9, 0.5], "texture": "#2"},
				"west": {"uv": [0, 0, 0.6, 0.5], "texture": "#2"},
				"up": {"uv": [0, 3.45, 4.9, 4], "texture": "#2"},
				"down": {"uv": [0, 0, 4.9, 0.6], "texture": "#2"}
			}
		},
		{
			"from": [-4.9, 0.3, 6.7],
			"to": [4.9, 0.7, 7],
			"rotation": {"angle": 0, "axis": "y", "origin": [-10.3, 0, 1]},
			"faces": {
				"north": {"uv": [0, 0, 4.9, 0.2], "texture": "#2"},
				"east": {"uv": [0, 0, 0.6, 0.5], "texture": "#2"},
				"south": {"uv": [0, 0, 4.9, 0.5], "texture": "#2"},
				"west": {"uv": [0, 0, 0.6, 0.5], "texture": "#2"},
				"up": {"uv": [0, 3.35, 4.9, 3.5], "texture": "#2"},
				"down": {"uv": [0, 0, 4.9, 0.6], "texture": "#2"}
			}
		},
		{
			"from": [-4.9, 0.1, 7.1],
			"to": [4.9, 0.9, 7.9],
			"rotation": {"angle": 0, "axis": "y", "origin": [-10.3, 0, 1]},
			"faces": {
				"north": {"uv": [0, 0, 4.9, 0.4], "texture": "#2"},
				"east": {"uv": [0, 0, 0.6, 0.5], "texture": "#2"},
				"south": {"uv": [0, 0, 4.9, 0.5], "texture": "#2"},
				"west": {"uv": [0, 0, 0.6, 0.5], "texture": "#2"},
				"up": {"uv": [0, 3.55, 4.9, 3.95], "texture": "#2"},
				"down": {"uv": [0, 0, 4.9, 0.6], "texture": "#2"}
			}
		},
		{
			"from": [-4.9, 0, 7.8],
			"to": [4.9, 0.3, 7.9],
			"rotation": {"angle": 45, "axis": "x", "origin": [-10.3, 0.1, 7.9]},
			"faces": {
				"north": {"uv": [0, 0, 4.9, 0.15], "texture": "#2"},
				"east": {"uv": [0, 0, 0.6, 0.5], "texture": "#2"},
				"south": {"uv": [0, 0, 4.9, 0.5], "texture": "#2"},
				"west": {"uv": [0, 0, 0.6, 0.5], "texture": "#2"},
				"up": {"uv": [0, 3.9, 4.9, 3.95], "texture": "#2"},
				"down": {"uv": [0, 0, 4.9, 0.6], "texture": "#2"}
			}
		},
		{
			"from": [-4.9, 0.5, 8.4],
			"to": [4.9, 0.8, 8.5],
			"rotation": {"angle": -45, "axis": "x", "origin": [-10.3, 0.1, 7.9]},
			"faces": {
				"north": {"uv": [0, 0, 4.9, 0.15], "texture": "#2"},
				"east": {"uv": [0, 0, 0.6, 0.5], "texture": "#2"},
				"south": {"uv": [0, 0, 4.9, 0.5], "texture": "#2"},
				"west": {"uv": [0, 0, 0.6, 0.5], "texture": "#2"},
				"up": {"uv": [0, 4.2, 4.9, 4.25], "texture": "#2"},
				"down": {"uv": [0, 0, 4.9, 0.6], "texture": "#2"}
			}
		},
		{
			"from": [-4.9, 1.1, 7.5],
			"to": [4.9, 1.4, 7.9],
			"rotation": {"angle": -45, "axis": "x", "origin": [-10.3, 0.1, 7.9]},
			"faces": {
				"north": {"uv": [0, 0, 4.9, 0.15], "texture": "#2"},
				"east": {"uv": [0, 0, 0.6, 0.5], "texture": "#2"},
				"south": {"uv": [0, 0, 4.9, 0.5], "texture": "#2"},
				"west": {"uv": [0, 0, 0.6, 0.5], "texture": "#2"},
				"up": {"uv": [0, 3.75, 4.9, 3.95], "texture": "#2"},
				"down": {"uv": [0, 0, 4.9, 0.6], "texture": "#2"}
			}
		},
		{
			"from": [-4.9, 0.7, 7.2],
			"to": [4.9, 1.1, 7.5],
			"rotation": {"angle": -45, "axis": "x", "origin": [-10.3, 0.1, 7.9]},
			"faces": {
				"north": {"uv": [0, 0, 4.9, 0.2], "texture": "#2"},
				"east": {"uv": [0, 0, 0.6, 0.5], "texture": "#2"},
				"south": {"uv": [0, 0, 4.9, 0.5], "texture": "#2"},
				"west": {"uv": [0, 0, 0.6, 0.5], "texture": "#2"},
				"up": {"uv": [0, 3.6, 4.9, 3.75], "texture": "#2"},
				"down": {"uv": [0, 0, 4.9, 0.6], "texture": "#2"}
			}
		},
		{
			"from": [-4.9, 0, 7],
			"to": [4.9, 1, 7.8],
			"rotation": {"angle": 0, "axis": "y", "origin": [-10.3, 0, 1]},
			"faces": {
				"north": {"uv": [0, 0, 4.9, 0.5], "texture": "#2"},
				"east": {"uv": [0, 0, 0.6, 0.5], "texture": "#2"},
				"south": {"uv": [0, 0, 4.9, 0.5], "texture": "#2"},
				"west": {"uv": [0, 0, 0.6, 0.5], "texture": "#2"},
				"up": {"uv": [0, 3.5, 4.9, 3.9], "texture": "#2"},
				"down": {"uv": [0, 0, 4.9, 0.6], "texture": "#2"}
			}
		},
		{
			"from": [1.4, 0.1, 8],
			"to": [3.9, 0.9, 10.4],
			"rotation": {"angle": 0, "axis": "y", "origin": [-8, 0, 1]},
			"faces": {
				"north": {"uv": [0, 0, 1.25, 0.4], "texture": "#2"},
				"east": {"uv": [0, 0, 1.2, 0.4], "texture": "#2"},
				"south": {"uv": [0, 0, 1.25, 0.4], "texture": "#2"},
				"west": {"uv": [0, 0, 1.2, 0.4], "texture": "#2"},
				"up": {"uv": [0.7, 4, 1.95, 5.2], "texture": "#2"},
				"down": {"uv": [0, 0, 1.25, 1.2], "texture": "#2"}
			}
		},
		{
			"from": [4.9, 0.2, 6.6],
			"to": [12.9, 0.8, 7.7],
			"rotation": {"angle": 0, "axis": "y", "origin": [-9.3, 0, 1]},
			"faces": {
				"north": {"uv": [0, 0, 4, 0.3], "texture": "#3"},
				"east": {"uv": [0, 0, 0.55, 0.3], "texture": "#3"},
				"south": {"uv": [0, 0, 4, 0.3], "texture": "#3"},
				"west": {"uv": [0, 0, 0.55, 0.3], "texture": "#3"},
				"up": {"uv": [2.45, 3.3, 6.45, 3.85], "texture": "#3"},
				"down": {"uv": [0, 0, 4, 0.55], "texture": "#3"}
			}
		},
		{
			"from": [12.9, 4.7, 4.8],
			"to": [14.7, 4.9, 4.9],
			"rotation": {"angle": 45, "axis": "x", "origin": [-9.3, 0, 0.6]},
			"faces": {
				"north": {"uv": [0, 0, 0.9, 0.1], "texture": "#2"},
				"east": {"uv": [0, 0, 0.05, 0.1], "texture": "#2"},
				"south": {"uv": [0, 0, 0.9, 0.1], "texture": "#2"},
				"west": {"uv": [0, 0, 0.05, 0.1], "texture": "#2"},
				"up": {"uv": [6.45, 2.4, 7.35, 2.45], "texture": "#2"},
				"down": {"uv": [0, 0, 0.9, 0.05], "texture": "#2"}
			}
		},
		{
			"from": [12.9, 4.7, 4.5],
			"to": [14.7, 4.9, 4.6],
			"rotation": {"angle": 45, "axis": "x", "origin": [-9.3, 0, 0.6]},
			"faces": {
				"north": {"uv": [0, 0, 0.9, 0.1], "texture": "#2"},
				"east": {"uv": [0, 0, 0.05, 0.1], "texture": "#2"},
				"south": {"uv": [0, 0, 0.9, 0.1], "texture": "#2"},
				"west": {"uv": [0, 0, 0.05, 0.1], "texture": "#2"},
				"up": {"uv": [6.45, 2.25, 7.35, 2.3], "texture": "#2"},
				"down": {"uv": [0, 0, 0.9, 0.05], "texture": "#2"}
			}
		},
		{
			"from": [12.9, 4.6, 4.6],
			"to": [14.7, 4.7, 4.8],
			"rotation": {"angle": 45, "axis": "x", "origin": [-9.3, 0, 0.6]},
			"faces": {
				"north": {"uv": [0, 0, 0.9, 0.05], "texture": "#2"},
				"east": {"uv": [0, 0, 0.1, 0.05], "texture": "#2"},
				"south": {"uv": [0, 0, 0.9, 0.05], "texture": "#2"},
				"west": {"uv": [0, 0, 0.1, 0.05], "texture": "#2"},
				"up": {"uv": [6.45, 2.3, 7.35, 2.4], "texture": "#2"},
				"down": {"uv": [0, 0, 0.9, 0.1], "texture": "#2"}
			}
		},
		{
			"from": [12.9, 0.3, 6.8],
			"to": [14.7, 0.4, 7],
			"rotation": {"angle": 0, "axis": "y", "origin": [-9.3, 0.3, 1]},
			"faces": {
				"north": {"uv": [0, 0, 0.9, 0.05], "texture": "#2"},
				"east": {"uv": [0, 0, 0.1, 0.05], "texture": "#2"},
				"south": {"uv": [0, 0, 0.9, 0.05], "texture": "#2"},
				"west": {"uv": [0, 0, 0.1, 0.05], "texture": "#2"},
				"up": {"uv": [6.45, 3.4, 7.35, 3.5], "texture": "#2"},
				"down": {"uv": [0, 0, 0.9, 0.1], "texture": "#2"}
			}
		},
		{
			"from": [12.9, 0.6, 6.8],
			"to": [14.7, 0.7, 7],
			"rotation": {"angle": 0, "axis": "y", "origin": [-9.3, 0, 0.6]},
			"faces": {
				"north": {"uv": [0, 0, 0.9, 0.05], "texture": "#2"},
				"east": {"uv": [0, 0, 0.1, 0.05], "texture": "#2"},
				"south": {"uv": [0, 0, 0.9, 0.05], "texture": "#2"},
				"west": {"uv": [0, 0, 0.1, 0.05], "texture": "#2"},
				"up": {"uv": [6.45, 3.4, 7.35, 3.5], "texture": "#2"},
				"down": {"uv": [0, 0, 0.9, 0.1], "texture": "#2"}
			}
		},
		{
			"from": [12.9, 0.4, 6.7],
			"to": [14.7, 0.6, 6.8],
			"rotation": {"angle": 0, "axis": "y", "origin": [-9.3, 0, 0.6]},
			"faces": {
				"north": {"uv": [0, 0, 0.9, 0.1], "texture": "#2"},
				"east": {"uv": [0, 0, 0.05, 0.1], "texture": "#2"},
				"south": {"uv": [0, 0, 0.9, 0.1], "texture": "#2"},
				"west": {"uv": [0, 0, 0.05, 0.1], "texture": "#2"},
				"up": {"uv": [6.45, 3.35, 7.35, 3.4], "texture": "#2"},
				"down": {"uv": [0, 0, 0.9, 0.05], "texture": "#2"}
			}
		},
		{
			"from": [12.9, 4.9, 4.6],
			"to": [14.7, 5, 4.8],
			"rotation": {"angle": 45, "axis": "x", "origin": [-9.3, 0, 0.6]},
			"faces": {
				"north": {"uv": [0, 0, 0.9, 0.05], "texture": "#2"},
				"east": {"uv": [0, 0, 0.1, 0.05], "texture": "#2"},
				"south": {"uv": [0, 0, 0.9, 0.05], "texture": "#2"},
				"west": {"uv": [0, 0, 0.1, 0.05], "texture": "#2"},
				"up": {"uv": [6.45, 2.3, 7.35, 2.4], "texture": "#2"},
				"down": {"uv": [0, 0, 0.9, 0.1], "texture": "#2"}
			}
		},
		{
			"from": [12.9, 0.4, 7],
			"to": [14.7, 0.6, 7.1],
			"rotation": {"angle": 0, "axis": "y", "origin": [-9.3, 0, 0.6]},
			"faces": {
				"north": {"uv": [0, 0, 0.9, 0.1], "texture": "#2"},
				"east": {"uv": [0, 0, 0.05, 0.1], "texture": "#2"},
				"south": {"uv": [0, 0, 0.9, 0.1], "texture": "#2"},
				"west": {"uv": [0, 0, 0.05, 0.1], "texture": "#2"},
				"up": {"uv": [6.45, 3.5, 7.35, 3.55], "texture": "#2"},
				"down": {"uv": [0, 0, 0.9, 0.05], "texture": "#2"}
			}
		},
		{
			"from": [4.9, 0, 6.8],
			"to": [12.9, 0.2, 7.5],
			"rotation": {"angle": 0, "axis": "y", "origin": [-9.3, 0, 1]},
			"faces": {
				"north": {"uv": [0, 0, 4, 0.1], "texture": "#3"},
				"east": {"uv": [0, 0, 0.35, 0.1], "texture": "#3"},
				"south": {"uv": [0, 0, 4, 0.1], "texture": "#3"},
				"west": {"uv": [0, 0, 0.35, 0.1], "texture": "#3"},
				"up": {"uv": [2.45, 3.4, 6.45, 3.75], "texture": "#3"},
				"down": {"uv": [0, 0, 4, 0.35], "texture": "#3"}
			}
		},
		{
			"from": [4.9, -3.6, 5.5],
			"to": [12.9, -3.4, 5.8],
			"rotation": {"angle": -45, "axis": "x", "origin": [-9.3, 0, 1]},
			"faces": {
				"north": {"uv": [0, 0, 4, 0.1], "texture": "#3"},
				"east": {"uv": [0, 0, 0.15, 0.1], "texture": "#3"},
				"south": {"uv": [0, 0, 4, 0.1], "texture": "#3"},
				"west": {"uv": [0, 0, 0.15, 0.1], "texture": "#3"},
				"up": {"uv": [2.45, 2.75, 6.45, 2.9], "texture": "#3"},
				"down": {"uv": [0, 0, 4, 0.15], "texture": "#3"}
			}
		},
		{
			"from": [4.9, -4.6, 5.6],
			"to": [12.9, -4.4, 5.9],
			"rotation": {"angle": -45, "axis": "x", "origin": [-9.3, 0, 1]},
			"faces": {
				"north": {"uv": [0, 0, 4, 0.1], "texture": "#3"},
				"east": {"uv": [0, 0, 0.15, 0.1], "texture": "#3"},
				"south": {"uv": [0, 0, 4, 0.1], "texture": "#3"},
				"west": {"uv": [0, 0, 0.15, 0.1], "texture": "#3"},
				"up": {"uv": [2.45, 2.8, 6.45, 2.95], "texture": "#3"},
				"down": {"uv": [0, 0, 4, 0.15], "texture": "#3"}
			}
		},
		{
			"from": [4.9, -4.2, 6.1],
			"to": [12.9, -3.9, 6.3],
			"rotation": {"angle": -45, "axis": "x", "origin": [-9.3, 0, 1]},
			"faces": {
				"north": {"uv": [0, 0, 4, 0.15], "texture": "#3"},
				"east": {"uv": [0, 0, 0.1, 0.15], "texture": "#3"},
				"south": {"uv": [0, 0, 4, 0.15], "texture": "#3"},
				"west": {"uv": [0, 0, 0.1, 0.15], "texture": "#3"},
				"up": {"uv": [2.45, 3.05, 6.45, 3.15], "texture": "#3"},
				"down": {"uv": [0, 0, 4, 0.1], "texture": "#3"}
			}
		},
		{
			"from": [4.9, -4.1, 5.1],
			"to": [12.9, -3.8, 5.3],
			"rotation": {"angle": -45, "axis": "x", "origin": [-9.3, 0, 1]},
			"faces": {
				"north": {"uv": [0, 0, 4, 0.15], "texture": "#3"},
				"east": {"uv": [0, 0, 0.1, 0.15], "texture": "#3"},
				"south": {"uv": [0, 0, 4, 0.15], "texture": "#3"},
				"west": {"uv": [0, 0, 0.1, 0.15], "texture": "#3"},
				"up": {"uv": [2.45, 2.55, 6.45, 2.65], "texture": "#3"},
				"down": {"uv": [0, 0, 4, 0.1], "texture": "#3"}
			}
		},
		{
			"from": [12.9, 0.4, 7.4],
			"to": [22.8, 0.6, 7.5],
			"rotation": {"angle": 0, "axis": "y", "origin": [-9.3, 0, 1]},
			"faces": {
				"north": {"uv": [0, 0, 4.95, 0.1], "texture": "#2"},
				"east": {"uv": [0, 0, 0.05, 0.1], "texture": "#2"},
				"south": {"uv": [0, 0, 4.95, 0.1], "texture": "#2"},
				"west": {"uv": [0, 0, 0.05, 0.1], "texture": "#2"},
				"up": {"uv": [6.45, 3.7, 11.4, 3.75], "texture": "#2"},
				"down": {"uv": [0, 0, 4.95, 0.05], "texture": "#2"}
			}
		},
		{
			"from": [12.9, 0.4, 7.1],
			"to": [22.8, 0.6, 7.2],
			"rotation": {"angle": 0, "axis": "y", "origin": [-9.3, 0, 1]},
			"faces": {
				"north": {"uv": [0, 0, 4.95, 0.1], "texture": "#2"},
				"east": {"uv": [0, 0, 0.05, 0.1], "texture": "#2"},
				"south": {"uv": [0, 0, 4.95, 0.1], "texture": "#2"},
				"west": {"uv": [0, 0, 0.05, 0.1], "texture": "#2"},
				"up": {"uv": [6.45, 3.55, 11.4, 3.6], "texture": "#2"},
				"down": {"uv": [0, 0, 4.95, 0.05], "texture": "#2"}
			}
		},
		{
			"from": [12.9, 4.9, 5],
			"to": [22.8, 5, 5.2],
			"rotation": {"angle": 45, "axis": "x", "origin": [-9.3, 0, 1]},
			"faces": {
				"north": {"uv": [0, 0, 4.95, 0.05], "texture": "#2"},
				"east": {"uv": [0, 0, 0.1, 0.05], "texture": "#2"},
				"south": {"uv": [0, 0, 4.95, 0.05], "texture": "#2"},
				"west": {"uv": [0, 0, 0.1, 0.05], "texture": "#2"},
				"up": {"uv": [6.45, 2.5, 11.4, 2.6], "texture": "#2"},
				"down": {"uv": [0, 0, 4.95, 0.1], "texture": "#2"}
			}
		},
		{
			"from": [12.9, 4.6, 5],
			"to": [22.8, 4.7, 5.2],
			"rotation": {"angle": 45, "axis": "x", "origin": [-9.3, 0, 1]},
			"faces": {
				"north": {"uv": [0, 0, 4.95, 0.05], "texture": "#2"},
				"east": {"uv": [0, 0, 0.1, 0.05], "texture": "#2"},
				"south": {"uv": [0, 0, 4.95, 0.05], "texture": "#2"},
				"west": {"uv": [0, 0, 0.1, 0.05], "texture": "#2"},
				"up": {"uv": [6.45, 2.5, 11.4, 2.6], "texture": "#2"},
				"down": {"uv": [0, 0, 4.95, 0.1], "texture": "#2"}
			}
		},
		{
			"from": [12.9, 4.7, 4.9],
			"to": [22.8, 4.9, 5],
			"rotation": {"angle": 45, "axis": "x", "origin": [-9.3, 0, 1]},
			"faces": {
				"north": {"uv": [0, 0, 4.95, 0.1], "texture": "#2"},
				"east": {"uv": [0, 0, 0.05, 0.1], "texture": "#2"},
				"south": {"uv": [0, 0, 4.95, 0.1], "texture": "#2"},
				"west": {"uv": [0, 0, 0.05, 0.1], "texture": "#2"},
				"up": {"uv": [6.45, 2.45, 11.4, 2.5], "texture": "#2"},
				"down": {"uv": [0, 0, 4.95, 0.05], "texture": "#2"}
			}
		},
		{
			"from": [12.9, 4.7, 5.2],
			"to": [22.8, 4.9, 5.3],
			"rotation": {"angle": 45, "axis": "x", "origin": [-9.3, 0, 1]},
			"faces": {
				"north": {"uv": [0, 0, 4.95, 0.1], "texture": "#2"},
				"east": {"uv": [0, 0, 0.05, 0.1], "texture": "#2"},
				"south": {"uv": [0, 0, 4.95, 0.1], "texture": "#2"},
				"west": {"uv": [0, 0, 0.05, 0.1], "texture": "#2"},
				"up": {"uv": [6.45, 2.6, 11.4, 2.65], "texture": "#2"},
				"down": {"uv": [0, 0, 4.95, 0.05], "texture": "#2"}
			}
		},
		{
			"from": [12.9, 0.6, 7.2],
			"to": [22.8, 0.7, 7.4],
			"rotation": {"angle": 0, "axis": "y", "origin": [-9.3, -0.3, 1]},
			"faces": {
				"north": {"uv": [0, 0, 4.95, 0.05], "texture": "#2"},
				"east": {"uv": [0, 0, 0.1, 0.05], "texture": "#2"},
				"south": {"uv": [0, 0, 4.95, 0.05], "texture": "#2"},
				"west": {"uv": [0, 0, 0.1, 0.05], "texture": "#2"},
				"up": {"uv": [6.45, 3.6, 11.4, 3.7], "texture": "#2"},
				"down": {"uv": [0, 0, 4.95, 0.1], "texture": "#2"}
			}
		},
		{
			"from": [12.9, 0.3, 7.2],
			"to": [22.8, 0.4, 7.4],
			"rotation": {"angle": 0, "axis": "y", "origin": [-9.3, 0, 1]},
			"faces": {
				"north": {"uv": [0, 0, 4.95, 0.05], "texture": "#2"},
				"east": {"uv": [0, 0, 0.1, 0.05], "texture": "#2"},
				"south": {"uv": [0, 0, 4.95, 0.05], "texture": "#2"},
				"west": {"uv": [0, 0, 0.1, 0.05], "texture": "#2"},
				"up": {"uv": [6.45, 3.6, 11.4, 3.7], "texture": "#2"},
				"down": {"uv": [0, 0, 4.95, 0.1], "texture": "#2"}
			}
		},
		{
			"from": [-5.3, -0.1, 7.6],
			"to": [-4.3, 1.1, 10.5],
			"rotation": {"angle": 0, "axis": "y", "origin": [-10.3, 0, 1]},
			"faces": {
				"north": {"uv": [0, 0, 0.5, 0.5], "texture": "#3"},
				"east": {"uv": [0, 0, 1.6, 0.5], "texture": "#3"},
				"south": {"uv": [0, 0, 0.5, 0.5], "texture": "#3"},
				"west": {"uv": [0, 0, 1.6, 0.5], "texture": "#3"},
				"up": {"uv": [0, 4, 0.5, 5.6], "texture": "#3"},
				"down": {"uv": [0, 0, 0.5, 1.6], "texture": "#3"}
			}
		},
		{
			"from": [-12.2, -0.1, 7.6],
			"to": [-5.2, 1.1, 8.2],
			"rotation": {"angle": 0, "axis": "y", "origin": [-10.3, 0, 1]},
			"faces": {
				"north": {"uv": [0, 0, 3.5, 0.5], "texture": "#3"},
				"east": {"uv": [0, 0, 0.3, 0.5], "texture": "#3"},
				"south": {"uv": [0, 0, 3.5, 0.5], "texture": "#3"},
				"west": {"uv": [0, 0, 0.3, 0.5], "texture": "#3"},
				"up": {"uv": [0, 3.8, 3.5, 4.1], "texture": "#3"},
				"down": {"uv": [0, 0, 3.5, 0.3], "texture": "#3"}
			}
		},
		{
			"from": [-12.6, -0.2, 7],
			"to": [-8.2, 1.2, 7.3],
			"rotation": {"angle": 0, "axis": "y", "origin": [-10.3, 0, 1]},
			"faces": {
				"north": {"uv": [0, 0, 2.2, 0.7], "texture": "#3"},
				"east": {"uv": [0, 0, 0.15, 1.15], "texture": "#3"},
				"south": {"uv": [0, 0, 2.2, 1.15], "texture": "#3"},
				"west": {"uv": [0, 0, 0.15, 1.15], "texture": "#3"},
				"up": {"uv": [0, 3.5, 2.2, 3.65], "texture": "#3"},
				"down": {"uv": [0, 0, 2.2, 0.15], "texture": "#3"}
			}
		},
		{
			"from": [-12.6, 0, 7.3],
			"to": [-8.2, 1, 7.6],
			"rotation": {"angle": 0, "axis": "y", "origin": [-10.3, 0, 1]},
			"faces": {
				"north": {"uv": [0, 0, 2.2, 0.5], "texture": "#3"},
				"east": {"uv": [0, 0, 0.15, 0.5], "texture": "#3"},
				"south": {"uv": [0, 0, 2.2, 0.5], "texture": "#3"},
				"west": {"uv": [0, 0, 0.15, 0.5], "texture": "#3"},
				"up": {"uv": [0, 3.65, 2.2, 3.8], "texture": "#3"},
				"down": {"uv": [0, 0, 2.2, 0.15], "texture": "#3"}
			}
		},
		{
			"from": [-14.3, -0.1, 7.6],
			"to": [-12.6, 1.1, 8.2],
			"rotation": {"angle": 0, "axis": "y", "origin": [-10.3, 0, 1]},
			"faces": {
				"north": {"uv": [0, 0, 0.85, 0.5], "texture": "#3"},
				"east": {"uv": [0, 0, 0.3, 0.5], "texture": "#3"},
				"south": {"uv": [0, 0, 0.85, 0.5], "texture": "#3"},
				"west": {"uv": [0, 0, 0.3, 0.5], "texture": "#3"},
				"up": {"uv": [0, 3.8, 0.85, 4.1], "texture": "#3"},
				"down": {"uv": [0, 0, 0.85, 0.3], "texture": "#3"}
			}
		},
		{
			"from": [-12.2, -0.1, 10.1],
			"to": [-5.3, 1.1, 10.7],
			"rotation": {"angle": 0, "axis": "y", "origin": [-10.3, 0, 1]},
			"faces": {
				"north": {"uv": [0, 0, 3.45, 0.5], "texture": "#3"},
				"east": {"uv": [0, 0, 0.3, 0.5], "texture": "#3"},
				"south": {"uv": [0, 0, 3.45, 0.5], "texture": "#3"},
				"west": {"uv": [0, 0, 0.3, 0.5], "texture": "#3"},
				"up": {"uv": [0, 5.05, 3.45, 5.35], "texture": "#3"},
				"down": {"uv": [0, 0, 3.45, 0.3], "texture": "#3"}
			}
		},
		{
			"from": [-14.4, -0.1, 9.5],
			"to": [-12.6, 1.1, 11.4],
			"rotation": {"angle": 0, "axis": "y", "origin": [-10.3, 0, 1]},
			"faces": {
				"north": {"uv": [0, 0, 0.9, 0.5], "texture": "#3"},
				"east": {"uv": [0, 0, 0.95, 0.5], "texture": "#3"},
				"south": {"uv": [0, 0, 0.9, 0.5], "texture": "#3"},
				"west": {"uv": [0, 0, 0.95, 0.5], "texture": "#3"},
				"up": {"uv": [0, 4.75, 0.9, 5.7], "texture": "#3"},
				"down": {"uv": [0, 0, 0.9, 0.95], "texture": "#3"}
			}
		},
		{
			"from": [-11.8, 0.3, 8.2],
			"to": [-10.2, 0.7, 10.1],
			"rotation": {"angle": 0, "axis": "y", "origin": [-10.3, 0, 1]},
			"faces": {
				"north": {"uv": [0, 0, 0.8, 0.2], "texture": "#3"},
				"east": {"uv": [0, 0, 0.95, 0.3], "texture": "#3"},
				"south": {"uv": [0, 0, 0.8, 0.3], "texture": "#3"},
				"west": {"uv": [0, 0, 0.95, 0.3], "texture": "#3"},
				"up": {"uv": [0, 4.1, 0.8, 5.05], "texture": "#3"},
				"down": {"uv": [0, 0, 0.8, 0.95], "texture": "#3"}
			}
		},
		{
			"from": [-12.80278, -0.1, 9.91553],
			"to": [-10.80278, 1.1, 10.41553],
			"rotation": {"angle": 22.5, "axis": "y", "origin": [-10.3, 0, 10.4]},
			"faces": {
				"north": {"uv": [0, 0, 1, 0.5], "texture": "#3"},
				"east": {"uv": [0, 0, 0.3, 0.5], "texture": "#3"},
				"south": {"uv": [0, 0, 0.8, 0.5], "texture": "#3"},
				"west": {"uv": [0, 0, 0.3, 0.5], "texture": "#3"},
				"up": {"uv": [0, 4.95777, 1, 5.20777], "texture": "#3"},
				"down": {"uv": [0, 0, 0.8, 0.3], "texture": "#3"}
			}
		},
		{
			"from": [-15.1, -0.1, 7.6],
			"to": [-14.3, 1.1, 11.4],
			"rotation": {"angle": 0, "axis": "y", "origin": [-10.3, 0, 1]},
			"faces": {
				"north": {"uv": [0, 0, 0.4, 0.5], "texture": "#3"},
				"east": {"uv": [0, 0, 1.9, 0.5], "texture": "#3"},
				"south": {"uv": [0, 0, 0.4, 0.5], "texture": "#3"},
				"west": {"uv": [0, 0, 1.9, 0.5], "texture": "#3"},
				"up": {"uv": [0, 3.8, 0.4, 5.7], "texture": "#3"},
				"down": {"uv": [0, 0, 0.4, 1.9], "texture": "#3"}
			}
		},
		{
			"from": [-12.6, -0.1, 7.6],
			"to": [-11.8, 1.1, 11],
			"rotation": {"angle": 0, "axis": "y", "origin": [-10.3, 0, 1]},
			"faces": {
				"north": {"uv": [0, 0, 0.4, 0.5], "texture": "#3"},
				"east": {"uv": [0, 0, 1.9, 0.5], "texture": "#3"},
				"south": {"uv": [0, 0, 0.4, 0.5], "texture": "#3"},
				"west": {"uv": [0, 0, 1.9, 0.5], "texture": "#3"},
				"up": {"uv": [0, 3.8, 0.4, 5.5], "texture": "#3"},
				"down": {"uv": [0, 0, 0.4, 1.9], "texture": "#3"}
			}
		},
		{
			"from": [-3.1, 0.1, 4.3],
			"to": [-2.5, 0.9, 5.7],
			"rotation": {"angle": -22.5, "axis": "y", "origin": [-10.3, 0, 1]},
			"faces": {
				"north": {"uv": [0, 0, 0.3, 0.4], "texture": "#2"},
				"east": {"uv": [0, 0, 0.7, 0.5], "texture": "#2"},
				"south": {"uv": [0, 0, 0.3, 0.5], "texture": "#2"},
				"west": {"uv": [0, 0, 0.7, 0.5], "texture": "#2"},
				"up": {"uv": [0, 2.15, 0.3, 2.85], "texture": "#2"},
				"down": {"uv": [0, 0, 0.3, 0.7], "texture": "#2"}
			}
		},
		{
			"from": [4.9, 0, 7.7],
			"to": [9.5, 1, 8],
			"rotation": {"angle": 0, "axis": "y", "origin": [-9.3, 0, 1]},
			"faces": {
				"north": {"uv": [0, 0, 2.3, 0.5], "texture": "#3"},
				"east": {"uv": [0, 0, 0.15, 0.5], "texture": "#3"},
				"south": {"uv": [0, 0, 2.3, 0.5], "texture": "#3"},
				"west": {"uv": [0, 0, 0.15, 0.5], "texture": "#3"},
				"up": {"uv": [2.45, 3.85, 4.75, 4], "texture": "#3"},
				"down": {"uv": [0, 0, 2.3, 0.15], "texture": "#3"}
			}
		},
		{
			"from": [-2.3, -0.1, 4.8],
			"to": [-1.1, 1.1, 8.2],
			"rotation": {"angle": -22.5, "axis": "y", "origin": [-10.3, 0, 1]},
			"faces": {
				"north": {"uv": [0, 0, 0.5, 0.5], "texture": "#3"},
				"east": {"uv": [0, 0, 1.5, 0.5], "texture": "#3"},
				"south": {"uv": [0, 0, 0.5, 0.5], "texture": "#3"},
				"west": {"uv": [0, 0, 1.5, 0.5], "texture": "#3"},
				"up": {"uv": [0, 2.4, 0.5, 3.9], "texture": "#3"},
				"down": {"uv": [0, 0, 0.5, 1.5], "texture": "#3"}
			}
		},
		{
			"from": [-2.9, 0.1, 13.3],
			"to": [-0.6, 0.9, 14.3],
			"rotation": {"angle": 22.5, "axis": "y", "origin": [-8, 0, 1]},
			"faces": {
				"north": {"uv": [0, 0, 1.15, 0.4], "texture": "#2"},
				"east": {"uv": [0, 0, 0.5, 0.4], "texture": "#2"},
				"south": {"uv": [0, 0, 1.15, 0.4], "texture": "#2"},
				"west": {"uv": [0, 0, 0.5, 0.4], "texture": "#2"},
				"up": {"uv": [0, 6.65, 1.15, 7.15], "texture": "#2"},
				"down": {"uv": [0, 0, 1.15, 0.5], "texture": "#2"}
			}
		},
		{
			"from": [-3.9, 0, 7.8],
			"to": [-1.8, 1, 8.5],
			"rotation": {"angle": 0, "axis": "y", "origin": [0, 0, 1]},
			"faces": {
				"north": {"uv": [0, 0, 1.05, 0.5], "texture": "#2"},
				"east": {"uv": [0, 0, 0.35, 0.5], "texture": "#2"},
				"south": {"uv": [0, 0, 1.05, 0.5], "texture": "#2"},
				"west": {"uv": [0, 0, 0.35, 0.5], "texture": "#2"},
				"up": {"uv": [0, 3.9, 1.05, 4.25], "texture": "#2"},
				"down": {"uv": [0, 0, 1.05, 0.35], "texture": "#2"}
			}
		},
		{
			"from": [4.6, 0.3, 8],
			"to": [4.9, 0.7, 8.7],
			"rotation": {"angle": -45, "axis": "y", "origin": [0, 0, 1]},
			"faces": {
				"north": {"uv": [0, 0, 0.15, 0.2], "texture": "#2"},
				"east": {"uv": [0, 0, 0.35, 0.2], "texture": "#2"},
				"south": {"uv": [0, 0, 0.15, 0.2], "texture": "#2"},
				"west": {"uv": [0, 0, 0.35, 0.2], "texture": "#2"},
				"up": {"uv": [2.3, 4, 2.65, 4.15], "rotation": 270, "texture": "#2"},
				"down": {"uv": [0, 0, 0.35, 0.15], "rotation": 90, "texture": "#2"}
			}
		},
		{
			"from": [-1.8, 0.3, 8],
			"to": [-1.5, 0.7, 9.4],
			"rotation": {"angle": 0, "axis": "y", "origin": [0, 0, 1]},
			"faces": {
				"north": {"uv": [0, 0, 0.15, 0.2], "texture": "#2"},
				"east": {"uv": [0, 0, 0.7, 0.2], "texture": "#2"},
				"south": {"uv": [0, 0, 0.15, 0.2], "texture": "#2"},
				"west": {"uv": [0, 0, 0.7, 0.2], "texture": "#2"},
				"up": {"uv": [0, 4, 0.7, 4.15], "rotation": 270, "texture": "#2"},
				"down": {"uv": [0, 0, 0.7, 0.15], "rotation": 90, "texture": "#2"}
			}
		},
		{
			"from": [-3.5, 0.3, 9.7],
			"to": [-2, 0.7, 9.9],
			"rotation": {"angle": 0, "axis": "y", "origin": [0, 0, 1]},
			"faces": {
				"north": {"uv": [0, 0, 0.75, 0.2], "texture": "#2"},
				"east": {"uv": [0, 0, 0.1, 0.2], "texture": "#2"},
				"south": {"uv": [0, 0, 0.75, 0.2], "texture": "#2"},
				"west": {"uv": [0, 0, 0.1, 0.2], "texture": "#2"},
				"up": {"uv": [0, 4.85, 0.75, 4.95], "texture": "#2"},
				"down": {"uv": [0, 0, 0.75, 0.1], "texture": "#2"}
			}
		},
		{
			"from": [-6.6, 0.3, 6.4],
			"to": [-6.4, 0.7, 7.9],
			"rotation": {"angle": 22.5, "axis": "y", "origin": [0, 0, 1]},
			"faces": {
				"north": {"uv": [0, 0, 0.1, 0.2], "texture": "#2"},
				"east": {"uv": [0, 0, 0.75, 0.2], "texture": "#2"},
				"south": {"uv": [0, 0, 0.1, 0.2], "texture": "#2"},
				"west": {"uv": [0, 0, 0.75, 0.2], "texture": "#2"},
				"up": {"uv": [0, 3.2, 0.75, 3.3], "rotation": 90, "texture": "#2"},
				"down": {"uv": [0, 0, 0.75, 0.1], "rotation": 270, "texture": "#2"}
			}
		},
		{
			"from": [6.1, 0, 10.8],
			"to": [7.4, 1, 11.1],
			"rotation": {"angle": 22.5, "axis": "y", "origin": [0, 0, 1]},
			"faces": {
				"north": {"uv": [0, 0, 0.4, 0.5], "texture": "#3"},
				"east": {"uv": [0, 0, 0.15, 0.5], "texture": "#3"},
				"south": {"uv": [0, 0, 0.4, 0.5], "texture": "#3"},
				"west": {"uv": [0, 0, 0.15, 0.5], "texture": "#3"},
				"up": {"uv": [3.05, 5.4, 3.2, 5.8], "rotation": 90, "texture": "#3"},
				"down": {"uv": [0, 0, 0.15, 0.4], "rotation": 270, "texture": "#3"}
			}
		},
		{
			"from": [0.4, 0.3, 8],
			"to": [1.4, 0.7, 9],
			"rotation": {"angle": 0, "axis": "y", "origin": [0, 0, 1]},
			"faces": {
				"north": {"uv": [0, 0, 0.5, 0.2], "texture": "#2"},
				"east": {"uv": [0, 0, 0.5, 0.2], "texture": "#2"},
				"south": {"uv": [0, 0, 0.5, 0.2], "texture": "#2"},
				"west": {"uv": [0, 0, 0.5, 0.2], "texture": "#2"},
				"up": {"uv": [0.2, 4, 0.7, 4.5], "texture": "#2"},
				"down": {"uv": [0, 0, 0.5, 0.5], "texture": "#2"}
			}
		},
		{
			"from": [-4.6, 0, 6.6],
			"to": [-2.8, 1, 7.2],
			"rotation": {"angle": 22.5, "axis": "y", "origin": [0, 0, 1]},
			"faces": {
				"north": {"uv": [0, 0, 0.9, 0.5], "texture": "#2"},
				"east": {"uv": [0, 0, 0.2, 0.5], "texture": "#2"},
				"south": {"uv": [0, 0, 0.6, 0.5], "texture": "#2"},
				"west": {"uv": [0, 0, 0.2, 0.5], "texture": "#2"},
				"up": {"uv": [0, 3.3, 0.9, 3.6], "texture": "#2"},
				"down": {"uv": [0, 0, 0.6, 0.2], "texture": "#2"}
			}
		},
		{
			"from": [15.1, 0.4, -5.6],
			"to": [15.8, 0.6, -5.5],
			"rotation": {"angle": -45, "axis": "y", "origin": [0, 0, 0]},
			"faces": {
				"north": {"uv": [0, 0, 0.35, 0.1], "texture": "#2"},
				"east": {"uv": [0, 0, 0.05, 0.1], "texture": "#2"},
				"south": {"uv": [0, 0, 0.35, 0.1], "texture": "#2"},
				"west": {"uv": [0, 0, 0.05, 0.1], "texture": "#2"},
				"up": {"uv": [7.55, 0, 7.9, 0.05], "texture": "#2"},
				"down": {"uv": [0, 0, 0.35, 0.05], "texture": "#2"}
			}
		},
		{
			"from": [14.6, 0.6, 7.1],
			"to": [15.1, 0.7, 7.3],
			"rotation": {"angle": -45, "axis": "y", "origin": [15, 0, 7]},
			"faces": {
				"north": {"uv": [0, 0, 0.25, 0.05], "texture": "#2"},
				"east": {"uv": [0, 0, 0.1, 0.05], "texture": "#2"},
				"south": {"uv": [0, 0, 0.25, 0.05], "texture": "#2"},
				"west": {"uv": [0, 0, 0.1, 0.05], "texture": "#2"},
				"up": {"uv": [7.3, 3.55, 7.55, 3.65], "texture": "#2"},
				"down": {"uv": [0, 0, 0.25, 0.1], "texture": "#2"}
			}
		},
		{
			"from": [14.7, 0.3, 6.6],
			"to": [14.9, 0.4, 7.1],
			"rotation": {"angle": 45, "axis": "y", "origin": [15, 0, 7]},
			"faces": {
				"north": {"uv": [0, 0, 0.1, 0.05], "texture": "#2"},
				"east": {"uv": [0, 0, 0.25, 0.05], "texture": "#2"},
				"south": {"uv": [0, 0, 0.1, 0.05], "texture": "#2"},
				"west": {"uv": [0, 0, 0.25, 0.05], "texture": "#2"},
				"up": {"uv": [7.35, 3.3, 7.6, 3.4], "rotation": 270, "texture": "#2"},
				"down": {"uv": [0, 0, 0.25, 0.1], "rotation": 90, "texture": "#2"}
			}
		},
		{
			"from": [22.1, -0.3, 6],
			"to": [22.8, 0, 6.3],
			"rotation": {"angle": 45, "axis": "x", "origin": [22, 0, 7]},
			"faces": {
				"north": {"uv": [0, 0, 0.35, 0.15], "texture": "#2"},
				"east": {"uv": [0, 0, 0.15, 0.15], "texture": "#2"},
				"south": {"uv": [0, 0, 0.35, 0.15], "texture": "#2"},
				"west": {"uv": [0, 0, 0.15, 0.15], "texture": "#2"},
				"up": {"uv": [11.05, 3, 11.4, 3.15], "texture": "#2"},
				"down": {"uv": [0, 0, 0.35, 0.15], "texture": "#2"}
			}
		},
		{
			"from": [22.1, 0.4, 6.4],
			"to": [22.8, 0.6, 6.8],
			"faces": {
				"north": {"uv": [0, 0, 0.35, 0.1], "texture": "#2"},
				"east": {"uv": [0, 0, 0.2, 0.1], "texture": "#2"},
				"south": {"uv": [0, 0, 0.35, 0.1], "texture": "#2"},
				"west": {"uv": [0, 0, 0.2, 0.1], "texture": "#2"},
				"up": {"uv": [11.05, 3.2, 11.4, 3.4], "texture": "#2"},
				"down": {"uv": [0, 0, 0.35, 0.2], "texture": "#2"}
			}
		},
		{
			"from": [22.1, 0.4, 6.8],
			"to": [22.3, 0.6, 7.1],
			"faces": {
				"north": {"uv": [0, 0, 0.1, 0.1], "texture": "#2"},
				"east": {"uv": [0, 0, 0.15, 0.1], "texture": "#2"},
				"south": {"uv": [0, 0, 0.1, 0.1], "texture": "#2"},
				"west": {"uv": [0, 0, 0.15, 0.1], "texture": "#2"},
				"up": {"uv": [11.05, 3.4, 11.15, 3.55], "texture": "#2"},
				"down": {"uv": [0, 0, 0.1, 0.15], "texture": "#2"}
			}
		},
		{
			"from": [22.6, 0.4, 6.8],
			"to": [22.8, 0.6, 7.1],
			"faces": {
				"north": {"uv": [0, 0, 0.1, 0.1], "texture": "#2"},
				"east": {"uv": [0, 0, 0.15, 0.1], "texture": "#2"},
				"south": {"uv": [0, 0, 0.1, 0.1], "texture": "#2"},
				"west": {"uv": [0, 0, 0.15, 0.1], "texture": "#2"},
				"up": {"uv": [11.3, 3.4, 11.4, 3.55], "texture": "#2"},
				"down": {"uv": [0, 0, 0.1, 0.15], "texture": "#2"}
			}
		},
		{
			"from": [-8.7, 0.4, 4.3],
			"to": [-8.4, 0.6, 4.8],
			"rotation": {"angle": 45, "axis": "y", "origin": [0, 0, 0]},
			"faces": {
				"north": {"uv": [0, 0, 0.15, 0.1], "texture": "#2"},
				"east": {"uv": [0, 0, 0.25, 0.1], "texture": "#2"},
				"south": {"uv": [0, 0, 0.15, 0.1], "texture": "#2"},
				"west": {"uv": [0, 0, 0.25, 0.1], "texture": "#2"},
				"up": {"uv": [0, 2.15, 0.15, 2.4], "texture": "#2"},
				"down": {"uv": [0, 0, 0.15, 0.25], "texture": "#2"}
			}
		},
		{
			"from": [-6.4, 0.4, 6.1],
			"to": [-6.1, 0.6, 7.3],
			"rotation": {"angle": 22.5, "axis": "y", "origin": [0, 0, 0]},
			"faces": {
				"north": {"uv": [0, 0, 0.15, 0.1], "texture": "#2"},
				"east": {"uv": [0, 0, 0.25, 0.1], "texture": "#2"},
				"south": {"uv": [0, 0, 0.15, 0.1], "texture": "#2"},
				"west": {"uv": [0, 0, 0.25, 0.1], "texture": "#2"},
				"up": {"uv": [0, 2.15, 0.15, 2.4], "texture": "#2"},
				"down": {"uv": [0, 0, 0.15, 0.25], "texture": "#2"}
			}
		}
	],
	"display": {
		"thirdperson_righthand": {
			"rotation": [90, -11, -60],
			"translation": [10.25, 1.75, -4],
			"scale": [0.8, 0.8, 0.8]
		},
		"thirdperson_lefthand": {
			"rotation": [163, -55, -180],
			"translation": [-3.75, -2, 1],
			"scale": [0.8, 0.8, 0.8]
		},
		"firstperson_righthand": {
			"rotation": [90, 1.5, -80],
			"translation": [15.5, 4.25, -15],
			"scale": [1.5, 1.5, 1.5]
		},
		"firstperson_lefthand": {
			"translation": [0, -2.25, 0]
		},
		"ground": {
			"translation": [4, 15, 0]
		},
		"gui": {
			"rotation": [90, 45, 0],
			"translation": [9.5, 11.25, 0]
		},
		"head": {
			"rotation": [90, 0, -90],
			"translation": [-1.75, -5, -12.25]
		},
		"fixed": {
			"rotation": [90, 45, 0],
			"translation": [2.25, 2.75, 1.5],
			"scale": [0.7, 0.7, 0.7]
		}
	},
	"groups": [
		{
			"name": "group",
			"origin": [0, 0, 0],
			"color": 0,
			"children": [0, 1, 2, 3, 4, 5, 6, 7, 8, 9, 10, 11, 12, 13, 14, 15, 16, 17, 18, 19, 20, 21, 22, 23, 24, 25, 26, 27, 28, 29, 30, 31, 32, 33, 34, 35, 36, 37, 38, 39, 40, 41, 42, 43, 44, 45, 46, 47, 48, 49, 50, 51, 52, 53, 54, 55, 56, 57, 58, 59, 60, 61, 62, 63]
		}
	]
}