{
    "pools": [
        {
            "rolls": 1,
            "entries": [
                {
                    "type": "item",
                    "name": "minecraft:netherite_sword",
                    "functions": [
                        {
                            "function": "minecraft:set_nbt",
                            "tag": "{id:\"dawn:shutsu_crane_plus_2\",CustomModelData:12770026,HideFlags:2,display:{Name:'{\"text\":\"芊汐纸鸢\",\"italic\":false,\"color\":\"aqua\"}'},Unbreakable:true}"
                        },
                        {
                            "function": "set_lore",
                            "lore": [
                                {
                                    "text": "「守护契约的追忆之剑」",
                                    "bold": false,
                                    "italic": false,
                                    "underlined": false,
                                    "strikethrough": false,
                                    "obfuscated": false
                                },
                                {
                                    "text": "",
                                    "bold": false,
                                    "italic": true,
                                    "underlined": false,
                                    "strikethrough": false,
                                    "obfuscated": false
                                },
                                {
                                    "text": "汐千羽鶴的定制武器",
                                    "bold": false,
                                    "italic": true,
                                    "underlined": false,
                                    "strikethrough": false,
                                    "obfuscated": false,
                                    "color": "yellow"
                                },
                                {
                                    "text": "",
                                    "bold": false,
                                    "italic": true,
                                    "underlined": false,
                                    "strikethrough": false,
                                    "obfuscated": false
                                },
                                {
                                    "text": "+33% 移动速度",
                                    "color": "blue",
                                    "bold": false,
                                    "italic": false,
                                    "underlined": false,
                                    "strikethrough": false,
                                    "obfuscated": false
                                },
                                {
                                    "text": "+2.1 攻击速度",
                                    "color": "blue",
                                    "bold": false,
                                    "italic": false,
                                    "underlined": false,
                                    "strikethrough": false,
                                    "obfuscated": false
                                },
                                {
                                    "text": "+27 攻击伤害",
                                    "color": "blue",
                                    "bold": false,
                                    "italic": false,
                                    "underlined": false,
                                    "strikethrough": false,
                                    "obfuscated": false
                                }
                            ]
                        },
                        {
                            "function": "minecraft:set_attributes",
                            "modifiers": [
                                {
                                    "name": "generic.attack_damage",
                                    "attribute": "generic.attack_damage",
                                    "operation": "addition",
                                    "amount": 27,
                                    "slot": "mainhand"
                                },
                                {
                                    "name": "generic.attack_speed",
                                    "attribute": "generic.attack_speed",
                                    "operation": "addition",
                                    "amount": -1.9,
                                    "slot": "mainhand"
                                },
                                {
                                    "name": "generic.movement_speed",
                                    "attribute": "generic.movement_speed",
                                    "operation": "multiply_base",
                                    "amount": 0.33,
                                    "slot": "mainhand"
                                },
                                {
                                    "name": "generic.armor",
                                    "attribute": "generic.armor",
                                    "operation": "addition",
                                    "amount": 50,
                                    "slot": "offhand"
                                },
                                {
                                    "name": "generic.attack_speed",
                                    "attribute": "generic.attack_speed",
                                    "operation": "multiply_total",
                                    "amount": -1,
                                    "slot": "offhand"
                                },
                                {
                                    "name": "generic.attack_damage",
                                    "attribute": "generic.attack_damage",
                                    "operation": "multiply_total",
                                    "amount": -1,
                                    "slot": "offhand"
                                }
                            ]
                            
                        }
                    ]
                }
            ]
        }
    ]
}