{
    "pools": [
        {
            "rolls": 1,
            "entries": [
                {
                    "type": "item",
                    "name": "minecraft:book",
                    "functions": [
                        {
                            "function": "minecraft:set_nbt",
                            "tag": "{id:\"ss90_50x_clip\",display:{Name:'{\"text\":\"SS90 弹夹\",\"italic\":false,\"color\":\"yellow\"}'}}"
                        },
                        {
                            "function": "set_lore",
                            "lore": [
                                {
                                    "text": "容量： 50",
                                    "bold": false,
                                    "italic": false,
                                    "underlined": false,
                                    "strikethrough": false,
                                    "obfuscated": false,
                                    "color": "gray"
                                }
                            ]
                        }
                    ]
                }
            ]
        }
    ]
}