[
    {
        "section": "Dawn's PlayGround",
        "titles": [
            {
                "title": "The Creater",
                "names": [
                    "Dawn"
                ]
            },
            {
                "title": "Chief Executive Officer",
                "names": [
                    "Zeta"
                ]
            }
        ]
    },
    {
        "section": "Design",
        "titles": [
            {
                "title": "Chief Creative Officers",
                "names": [
                    "Dawn"
                ]
            },
            {
                "title": "Game Director",
                "names": [
                    "Shinna Night",
                    "Shinna Sakura",
                    "Oswald"
                ]
            }
        ]
    },
    {
        "section": "Programming",
        "titles": [
            {
                "title": "Chief Technology Officer",
                "names": [
                    "Dawn"
                ]
            },
            {
                "title": "Technical Director",
                "names": [
                    "Dawn",
                    "Alpha",
                    "Zeta",
                    "Kal'tsit"
                ]
            }
        ]
    }
]