{
    "pools": [
        {
            "rolls": 1,
            "entries": [
                {
                    "type": "item",
                    "name": "minecraft:player_head",
                    "functions": [
                        {
                            "function": "minecraft:set_nbt",
                            "tag": "{id:\"dawn:administrator_helmet\",SkullOwner:{Id:[I;99999,99999,99999,99999],Properties:{textures:[{Value:\"eyJ0ZXh0dXJlcyI6eyJTS0lOIjp7InVybCI6Imh0dHA6Ly90ZXh0dXJlcy5taW5lY3JhZnQubmV0L3RleHR1cmUvZTRmNTNmM2Q5OTZlYjYzMDNhYmM5OGI0MmY0YWYwZTdmOTQ1OWM4MGE4ODZkMWM2YWFjMjVlOGFiMDMzZjM3NiJ9fX0=\"}]}},display:{Name:'{\"text\":\"管理员头盔\",\"italic\":false,\"color\":\"aque\"}'}}"
                        },
                        {
                            "function": "minecraft:set_lore",
                            "lore": [
                                {
                                    "text": "管理员已登录"
                                }
                            ]
                        },
                        {
                            "function": "minecraft:set_attributes",
                            "modifiers": [
                                {
                                    "name": "generic.attack_speed",
                                    "attribute": "generic.attack_speed",
                                    "operation": "addition",
                                    "amount": 50,
                                    "slot": "head"
                                },
                                {
                                    "name": "generic.attack_damage",
                                    "attribute": "generic.attack_damage",
                                    "operation": "multiply_total",
                                    "amount": 100,
                                    "slot": "head"
                                },
                                {
                                    "name": "generic.attack_speed",
                                    "attribute": "generic.armor",
                                    "operation": "addition",
                                    "amount": 50,
                                    "slot": "head"
                                }
                            ]
                        }
                    ]
                }
            ]
        }
    ]
}