{
    "pools": [
        {
            "rolls": 1,
            "entries": [
                {
                    "type": "item",
                    "name": "minecraft:leather_leggings",
                    "functions": [
                        {
                            "function": "minecraft:set_nbt",
                            "tag": "{id:\"dawn:copper_leggings\",display:{Name:'{\"text\":\"铜护腿\",\"italic\":false}',color:16747565}}"
                        },
                        {
                            "function": "minecraft:set_attributes",
                            "modifiers": [
                                {
                                    "name": "generic.max_health",
                                    "attribute": "generic.max_health",
                                    "operation": "addition",
                                    "amount": 5,
                                    "slot": "legs"
                                }
                            ]
                        }
                    ]
                }
            ]
        }
    ]
}