{
    "pools": [
        {
            "rolls": 1,
            "entries": [
                {
                    "type": "item",
                    "name": "minecraft:player_head",
                    "functions": [
                        {
                            "function": "minecraft:set_nbt",
                            "tag": "{id:\"dawn:exoskeleton_mk2\",SkullOwner:{Id:[I;1712848124,-1867858505,-258201048,-462477106],Properties:{textures:[{Value:\"eyJ0ZXh0dXJlcyI6eyJTS0lOIjp7InVybCI6Imh0dHA6Ly90ZXh0dXJlcy5taW5lY3JhZnQubmV0L3RleHR1cmUvOGIzMjkyNmYzYmJkMWU1OWM3ZTMxZDZjZTUxZjI2OWVjMmJlZGZiZjcwNzcxZjMxODhlN2VmYjVkYjNkYzMifX19\"}]}},display:{Name:'{\"text\":\"动力装甲 MKII\",\"italic\":false}'}}"
                        },
                        {
                            "function": "minecraft:set_lore",
                            "lore": [
                                {
                                    "text": "改良型动力装甲，提供强劲的动力辅助。"
                                }
                            ]
                        },
                        {
                            "function": "minecraft:set_attributes",
                            "modifiers": [
                                {
                                    "name": "generic.attack_speed",
                                    "attribute": "generic.attack_speed",
                                    "operation": "addition",
                                    "amount": 0.7,
                                    "slot": "head"
                                },
                                {
                                    "name": "generic.attack_speed",
                                    "attribute": "generic.armor",
                                    "operation": "addition",
                                    "amount": 7,
                                    "slot": "head"
                                }
                            ]
                        }
                    ]
                }
            ]
        }
    ]
}