{
    "pools": [
        {
            "rolls": 1,
            "entries": [
                {
                    "type": "item",
                    "name": "minecraft:player_head",
                    "functions": [
                        {
                            "function": "minecraft:set_nbt",
                            "tag": "{id:\"dawn:exoskeleton_mk1\",SkullOwner:{Id:[I;-1361668713,-1000962518,-1064551167,911719906],Properties:{textures:[{Value:\"eyJ0ZXh0dXJlcyI6eyJTS0lOIjp7InVybCI6Imh0dHA6Ly90ZXh0dXJlcy5taW5lY3JhZnQubmV0L3RleHR1cmUvNmI2Yzc0ODNkMjQ1YjRkY2QzMTllYzRlOTIxZWRkNWJlYmFjNmYzZjQ2YWYzNzRlZjZiMzQzZjc4NmI5Y2RhIn19fQ==\"}]}},display:{Name:'{\"text\":\"动力装甲 MKI\",\"italic\":false}'}}"
                        },
                        {
                            "function": "minecraft:set_lore",
                            "lore": [
                                {
                                    "text": "测试型动力装甲，提供强劲的动力辅助。"
                                }
                            ]
                        },
                        {
                            "function": "minecraft:set_attributes",
                            "modifiers": [
                                {
                                    "name": "generic.attack_speed",
                                    "attribute": "generic.attack_speed",
                                    "operation": "addition",
                                    "amount": 0.5,
                                    "slot": "head"
                                },
                                {
                                    "name": "generic.attack_speed",
                                    "attribute": "generic.armor",
                                    "operation": "addition",
                                    "amount": 5,
                                    "slot": "head"
                                }
                            ]
                        }
                    ]
                }
            ]
        }
    ]
}