{
    "pools": [
        {
            "rolls": 1,
            "entries": [
                {
                    "type": "item",
                    "name": "minecraft:leather_boots",
                    "functions": [
                        {
                            "function": "minecraft:set_nbt",
                            "tag": "{id:\"dawn:pilot_boots\",display:{color:65522,Name:'{\"text\":\"铁驭靴子\",\"italic\":false}'}}"
                        },
                        {
                            "function": "minecraft:set_lore",
                            "lore": [
                                {
                                    "text": ""
                                },
                                {
                                    "text": "跳跃辅助模块： 在线",
                                    "color": "aqua",
                                    "italic": false
                                }
                            ]
                        },
                        {
                            "function": "minecraft:set_attributes",
                            "modifiers": [
                                {
                                    "name": "generic.movement_speed",
                                    "attribute": "generic.movement_speed",
                                    "operation": "multiply_total",
                                    "amount": 0.2,
                                    "slot": "feet"
                                }
                            ]
                        }
                    ]
                }
            ]
        }
    ]
}