{
    "pools": [
        {
            "rolls": 1,
            "entries": [
                {
                    "type": "item",
                    "name": "minecraft:player_head",
                    "functions": [
                        {
                            "function": "minecraft:set_nbt",
                            "tag": "{id:\"dawn:solar_flare_helmet\",SkullOwner:{Id:[I;1882483791,1496748400,1111598526,-262966493],Properties:{textures:[{Value:\"eyJ0ZXh0dXJlcyI6eyJTS0lOIjp7InVybCI6Imh0dHA6Ly90ZXh0dXJlcy5taW5lY3JhZnQubmV0L3RleHR1cmUvMTZhOWQwNGE4ZDE4OTgxNmU3N2ZiYTVhMDk0YmZhNTY4YTc4ZmY1ZDJhMTBiY2YwZDI5MGNkNmM3YmE3Njc2MiJ9fX0=\"}]}},display:{Name:'{\"text\":\"日耀头盔\",\"bold\":true,\"italic\":false,\"color\":\"red\"}'}}"
                        },
                        {
                            "function": "minecraft:set_lore",
                            "lore": [
                                {
                                    "text": "来自异世界的头盔，"
                                },
                                {
                                    "text": "曾经属于最强大的战士。"
                                }
                            ]
                        },
                        {
                            "function": "minecraft:set_attributes",
                            "modifiers": [
                                {
                                    "name": "generic.attack_damage",
                                    "attribute": "generic.attack_damage",
                                    "operation": "multiply_total",
                                    "amount": 0.6,
                                    "slot": "head"
                                },
                                {
                                    "name": "generic.attack_speed",
                                    "attribute": "generic.attack_speed",
                                    "operation": "addition",
                                    "amount": 0.5,
                                    "slot": "head"
                                },
                                {
                                    "name": "generic.max_health",
                                    "attribute": "generic.max_health",
                                    "operation": "addition",
                                    "amount": 30,
                                    "slot": "head"
                                },
                                {
                                    "name": "generic.armor",
                                    "attribute": "generic.armor",
                                    "operation": "addition",
                                    "amount": 15,
                                    "slot": "head"
                                }
                            ]
                        }
                    ]
                }
            ]
        }
    ]
}