{
	"credit": "Made with Blockbench",
	"textures": {
		"0": "dawn:resurrected_flesh/flesh",
		"particle": "dawn:resurrected_flesh/flesh"
	},
	"elements": [
		{
			"from": [15, 12, 1],
			"to": [24, 20, 18],
			"faces": {
				"north": {"uv": [0, 0, 7.7037, 16], "rotation": 270, "texture": "#0"},
				"east": {"uv": [0, 0, 7.7037, 16], "rotation": 270, "texture": "#0"},
				"south": {"uv": [0, 0, 16, 16], "rotation": 270, "texture": "#0"},
				"west": {"uv": [0, 0, 16, 16], "rotation": 90, "texture": "#0"},
				"up": {"uv": [0, 0, 16, 16], "rotation": 180, "texture": "#0"},
				"down": {"uv": [0, 0, 16, 16], "texture": "#0"}
			}
		},
		{
			"from": [0, 12, 1],
			"to": [9, 20, 18],
			"faces": {
				"north": {"uv": [0, 0, 7.7037, 16], "rotation": 270, "texture": "#0"},
				"east": {"uv": [0, 0, 7.7037, 16], "rotation": 270, "texture": "#0"},
				"south": {"uv": [0, 0, 16, 16], "rotation": 270, "texture": "#0"},
				"west": {"uv": [0, 0, 16, 16], "rotation": 90, "texture": "#0"},
				"up": {"uv": [0, 0, 16, 16], "rotation": 180, "texture": "#0"},
				"down": {"uv": [0, 0, 16, 16], "texture": "#0"}
			}
		},
		{
			"from": [21.7, 15.4, 0],
			"to": [23.7, 27.4, 2],
			"rotation": {"angle": 45, "axis": "x", "origin": [9, 0, 11]},
			"faces": {
				"north": {"uv": [6.81481, 0, 9.77778, 16], "texture": "#0"},
				"east": {"uv": [6.81481, 0, 9.77778, 16], "texture": "#0"},
				"south": {"uv": [6.81481, 0, 9.77778, 16], "texture": "#0"},
				"west": {"uv": [6.81481, 0, 9.77778, 16], "texture": "#0"},
				"up": {"uv": [6.81481, 0, 9.77778, 16], "texture": "#0"},
				"down": {"uv": [6.81481, 0, 9.77778, 16], "texture": "#0"}
			}
		},
		{
			"from": [0.2, 15.4, 0],
			"to": [2.2, 27.4, 2],
			"rotation": {"angle": 45, "axis": "x", "origin": [9, 0, 11]},
			"faces": {
				"north": {"uv": [6.81481, 0, 9.77778, 16], "texture": "#0"},
				"east": {"uv": [6.81481, 0, 9.77778, 16], "texture": "#0"},
				"south": {"uv": [6.81481, 0, 9.77778, 16], "texture": "#0"},
				"west": {"uv": [6.81481, 0, 9.77778, 16], "texture": "#0"},
				"up": {"uv": [6.81481, 0, 9.77778, 16], "texture": "#0"},
				"down": {"uv": [6.81481, 0, 9.77778, 16], "texture": "#0"}
			}
		},
		{
			"from": [10, 15, 11],
			"to": [12, 27, 14],
			"rotation": {"angle": -45, "axis": "z", "origin": [15, 0, 9]},
			"faces": {
				"north": {"uv": [6.81481, 0, 9.77778, 16], "texture": "#0"},
				"east": {"uv": [6.81481, 0, 9.77778, 16], "texture": "#0"},
				"south": {"uv": [6.81481, 0, 9.77778, 16], "texture": "#0"},
				"west": {"uv": [6.81481, 0, 9.77778, 16], "texture": "#0"},
				"up": {"uv": [6.81481, 0, 9.77778, 16], "texture": "#0"},
				"down": {"uv": [6.81481, 0, 9.77778, 16], "texture": "#0"}
			}
		},
		{
			"from": [29.7, 17.4, -5],
			"to": [31.7, 29.4, -2],
			"rotation": {"angle": 45, "axis": "x", "origin": [15, 0, 9]},
			"faces": {
				"north": {"uv": [6.81481, 0, 9.77778, 16], "texture": "#0"},
				"east": {"uv": [6.81481, 0, 9.77778, 16], "texture": "#0"},
				"south": {"uv": [6.81481, 0, 9.77778, 16], "texture": "#0"},
				"west": {"uv": [6.81481, 0, 9.77778, 16], "texture": "#0"},
				"up": {"uv": [6.81481, 0, 9.77778, 16], "texture": "#0"},
				"down": {"uv": [6.81481, 0, 9.77778, 16], "texture": "#0"}
			}
		},
		{
			"from": [-7.2, 17.4, -5],
			"to": [-5.2, 29.4, -2],
			"rotation": {"angle": 45, "axis": "x", "origin": [1, 0, 9]},
			"faces": {
				"north": {"uv": [6.81481, 0, 9.77778, 16], "texture": "#0"},
				"east": {"uv": [6.81481, 0, 9.77778, 16], "texture": "#0"},
				"south": {"uv": [6.81481, 0, 9.77778, 16], "texture": "#0"},
				"west": {"uv": [6.81481, 0, 9.77778, 16], "texture": "#0"},
				"up": {"uv": [6.81481, 0, 9.77778, 16], "texture": "#0"},
				"down": {"uv": [6.81481, 0, 9.77778, 16], "texture": "#0"}
			}
		},
		{
			"from": [10, 9, 11],
			"to": [12, 21, 14],
			"rotation": {"angle": 45, "axis": "z", "origin": [1, 0, 9]},
			"faces": {
				"north": {"uv": [6.81481, 0, 9.77778, 16], "texture": "#0"},
				"east": {"uv": [6.81481, 0, 9.77778, 16], "texture": "#0"},
				"south": {"uv": [6.81481, 0, 9.77778, 16], "texture": "#0"},
				"west": {"uv": [6.81481, 0, 9.77778, 16], "texture": "#0"},
				"up": {"uv": [6.81481, 0, 9.77778, 16], "texture": "#0"},
				"down": {"uv": [6.81481, 0, 9.77778, 16], "texture": "#0"}
			}
		}
	],
	"display": {
		"thirdperson_righthand": {
			"translation": [-10, -9, 2.5]
		},
		"thirdperson_lefthand": {
			"translation": [-2, -9, 2.5]
		},
		"firstperson_righthand": {
			"translation": [-13, -5, 0]
		},
		"firstperson_lefthand": {
			"translation": [-5, -5.75, 0]
		},
		"ground": {
			"translation": [-4.25, -6.5, 0]
		},
		"gui": {
			"rotation": [41, -135, 0],
			"translation": [2.75, -4.5, 0]
		},
		"head": {
			"rotation": [28, -180, 0],
			"translation": [5, -19.5, 5],
			"scale": [1.5, 1.5, 1.5]
		},
		"fixed": {
			"rotation": [-90, 0, 0],
			"translation": [-4.25, 0, 9.5]
		}
	}
}