{
	"credit": "Made with Blockbench",
	"textures": {
		"0": "dawn:resurrected_flesh/flesh",
		"1": "dawn:resurrected_flesh/face",
		"particle": "dawn:resurrected_flesh/flesh"
	},
	"elements": [
		{
			"from": [-1, 19.5, -2],
			"to": [10, 30.5, 10],
			"faces": {
				"north": {"uv": [0, 0, 16, 16], "texture": "#0"},
				"east": {"uv": [0, 0, 16, 16], "texture": "#0"},
				"south": {"uv": [0, 0, 16, 16], "texture": "#0"},
				"west": {"uv": [0, 0, 16, 16], "texture": "#0"},
				"up": {"uv": [0, 0, 16, 16], "texture": "#0"},
				"down": {"uv": [0, 0, 16, 16], "texture": "#0"}
			}
		},
		{
			"from": [-2, -11, -2],
			"to": [11, 8, 11],
			"faces": {
				"north": {"uv": [0, 0, 16, 16], "texture": "#0"},
				"east": {"uv": [0, 0, 16, 16], "texture": "#0"},
				"south": {"uv": [0, 0, 16, 16], "texture": "#0"},
				"west": {"uv": [0, 0, 16, 16], "texture": "#0"},
				"up": {"uv": [0, 0, 16, 16], "texture": "#0"},
				"down": {"uv": [0, 0, 16, 16], "texture": "#0"}
			}
		},
		{
			"from": [0, 6, 2],
			"to": [9, 19.6, 7],
			"faces": {
				"north": {"uv": [0, 0, 16, 16], "texture": "#0"},
				"east": {"uv": [0, 0, 7.7037, 16], "texture": "#0"},
				"south": {"uv": [0, 0, 16, 16], "texture": "#0"},
				"west": {"uv": [0, 0, 16, 16], "texture": "#0"},
				"up": {"uv": [0, 0, 16, 16], "rotation": 270, "texture": "#0"},
				"down": {"uv": [0, 0, 7.7037, 16], "rotation": 90, "texture": "#0"}
			}
		},
		{
			"from": [0, -2, 8],
			"to": [9, 6, 13],
			"rotation": {"angle": -45, "axis": "x", "origin": [0, 0, 0]},
			"faces": {
				"north": {"uv": [0, 0, 16, 16], "texture": "#0"},
				"east": {"uv": [0, 0, 7.7037, 16], "texture": "#0"},
				"south": {"uv": [0, 0, 16, 16], "texture": "#0"},
				"west": {"uv": [0, 0, 16, 16], "texture": "#0"},
				"up": {"uv": [0, 0, 16, 16], "rotation": 270, "texture": "#0"},
				"down": {"uv": [0, 0, 7.7037, 16], "rotation": 90, "texture": "#0"}
			}
		},
		{
			"from": [0, 2, 4],
			"to": [8, 7, 13],
			"rotation": {"angle": -45, "axis": "x", "origin": [0, 0, 0]},
			"faces": {
				"north": {"uv": [0, 0, 16, 16], "texture": "#0"},
				"east": {"uv": [0, 0, 7.7037, 16], "texture": "#0"},
				"south": {"uv": [0, 0, 16, 16], "texture": "#0"},
				"west": {"uv": [0, 0, 16, 16], "texture": "#0"},
				"up": {"uv": [0, 0, 16, 16], "rotation": 270, "texture": "#0"},
				"down": {"uv": [0, 0, 7.7037, 16], "rotation": 90, "texture": "#0"}
			}
		},
		{
			"from": [-5, 15, 3],
			"to": [-3, 27, 5],
			"rotation": {"angle": -45, "axis": "z", "origin": [0, 0, 0]},
			"faces": {
				"north": {"uv": [6.81481, 0, 9.77778, 16], "texture": "#0"},
				"east": {"uv": [6.81481, 0, 9.77778, 16], "texture": "#0"},
				"south": {"uv": [6.81481, 0, 9.77778, 16], "texture": "#0"},
				"west": {"uv": [6.81481, 0, 9.77778, 16], "texture": "#0"},
				"up": {"uv": [6.81481, 0, 9.77778, 16], "texture": "#0"},
				"down": {"uv": [6.81481, 0, 9.77778, 16], "texture": "#0"}
			}
		},
		{
			"from": [9, 9, 3],
			"to": [11, 21, 5],
			"rotation": {"angle": 45, "axis": "z", "origin": [0, 0, 0]},
			"faces": {
				"north": {"uv": [6.81481, 0, 9.77778, 16], "texture": "#0"},
				"east": {"uv": [6.81481, 0, 9.77778, 16], "texture": "#0"},
				"south": {"uv": [6.81481, 0, 9.77778, 16], "texture": "#0"},
				"west": {"uv": [6.81481, 0, 9.77778, 16], "texture": "#0"},
				"up": {"uv": [6.81481, 0, 9.77778, 16], "texture": "#0"},
				"down": {"uv": [6.81481, 0, 9.77778, 16], "texture": "#0"}
			}
		},
		{
			"from": [14.7, 17.4, -13],
			"to": [16.7, 29.4, -11],
			"rotation": {"angle": 45, "axis": "x", "origin": [0, 0, 0]},
			"faces": {
				"north": {"uv": [6.81481, 0, 9.77778, 16], "texture": "#0"},
				"east": {"uv": [6.81481, 0, 9.77778, 16], "texture": "#0"},
				"south": {"uv": [6.81481, 0, 9.77778, 16], "texture": "#0"},
				"west": {"uv": [6.81481, 0, 9.77778, 16], "texture": "#0"},
				"up": {"uv": [6.81481, 0, 9.77778, 16], "texture": "#0"},
				"down": {"uv": [6.81481, 0, 9.77778, 16], "texture": "#0"}
			}
		},
		{
			"from": [-8.2, 17.4, -13],
			"to": [-6.2, 29.4, -11],
			"rotation": {"angle": 45, "axis": "x", "origin": [0, 0, 0]},
			"faces": {
				"north": {"uv": [6.81481, 0, 9.77778, 16], "texture": "#0"},
				"east": {"uv": [6.81481, 0, 9.77778, 16], "texture": "#0"},
				"south": {"uv": [6.81481, 0, 9.77778, 16], "texture": "#0"},
				"west": {"uv": [6.81481, 0, 9.77778, 16], "texture": "#0"},
				"up": {"uv": [6.81481, 0, 9.77778, 16], "texture": "#0"},
				"down": {"uv": [6.81481, 0, 9.77778, 16], "texture": "#0"}
			}
		},
		{
			"from": [8.7, 10, -6.6],
			"to": [10.7, 14, 11.4],
			"rotation": {"angle": -22.5, "axis": "x", "origin": [0, 0, 0]},
			"faces": {
				"north": {"uv": [6.81481, 0, 9.77778, 16], "rotation": 180, "texture": "#0"},
				"east": {"uv": [6.81481, 0, 9.77778, 16], "rotation": 270, "texture": "#0"},
				"south": {"uv": [6.81481, 0, 9.77778, 16], "texture": "#0"},
				"west": {"uv": [6.81481, 0, 9.77778, 16], "rotation": 90, "texture": "#0"},
				"up": {"uv": [6.81481, 0, 9.77778, 16], "rotation": 180, "texture": "#0"},
				"down": {"uv": [6.81481, 0, 9.77778, 16], "texture": "#0"}
			}
		},
		{
			"from": [-1.3, 10, -6.6],
			"to": [0.7, 14, 11.4],
			"rotation": {"angle": -22.5, "axis": "x", "origin": [0, 0, 0]},
			"faces": {
				"north": {"uv": [6.81481, 0, 9.77778, 16], "rotation": 180, "texture": "#0"},
				"east": {"uv": [6.81481, 0, 9.77778, 16], "rotation": 270, "texture": "#0"},
				"south": {"uv": [6.81481, 0, 9.77778, 16], "texture": "#0"},
				"west": {"uv": [6.81481, 0, 9.77778, 16], "rotation": 90, "texture": "#0"},
				"up": {"uv": [6.81481, 0, 9.77778, 16], "rotation": 180, "texture": "#0"},
				"down": {"uv": [6.81481, 0, 9.77778, 16], "texture": "#0"}
			}
		},
		{
			"from": [-0.4, 20.2, -2.1],
			"to": [8.6, 29.2, -2.1],
			"faces": {
				"north": {"uv": [7.40741, 8, 15.7037, 16], "texture": "#1"},
				"east": {"uv": [0, 0, 0, 9], "texture": "#missing"},
				"south": {"uv": [0, 0, 9, 9], "texture": "#missing"},
				"west": {"uv": [0, 0, 0, 9], "texture": "#missing"},
				"up": {"uv": [0, 0, 9, 0], "texture": "#missing"},
				"down": {"uv": [0, 0, 9, 0], "texture": "#missing"}
			}
		}
	],
	"display": {
		"thirdperson_righthand": {
			"translation": [4.75, 0, 0]
		},
		"thirdperson_lefthand": {
			"rotation": [67, -180, 0],
			"translation": [-2.75, 14.75, -3]
		},
		"firstperson_righthand": {
			"rotation": [0, 120, 0],
			"translation": [9.75, -3.75, -15.75]
		},
		"firstperson_lefthand": {
			"rotation": [0, -180, 0],
			"translation": [-5.75, 1, -13.75]
		},
		"ground": {
			"translation": [3.25, 15.5, 3.75]
		},
		"gui": {
			"rotation": [21, -180, 45],
			"translation": [0.25, 6.5, 0]
		},
		"head": {
			"translation": [5.25, -22, 5],
			"scale": [1.5, 1.5, 1.5]
		},
		"fixed": {
			"translation": [2, 0, 0],
			"scale": [0.5, 0.5, 0.5]
		}
	}
}