{
    "pools": [
        {
            "rolls": 1,
            "entries": [
                {
                    "type": "item",
                    "name": "minecraft:netherite_sword",
                    "functions": [
                        {
                            "function": "minecraft:set_nbt",
                            "tag": "{id:\"dawn:curse\",CustomModelData:12770017,HideFlags:2,display:{Name:'{\"text\":\"「诅咒」\",\"italic\":false,\"color\":\"red\"}'},Unbreakable:true}"
                        },
                        {
                            "function": "set_lore",
                            "lore": [
                                {
                                    "text": "诞生于无尽的诅咒之中...",
                                    "bold": false,
                                    "italic": true,
                                    "underlined": false,
                                    "strikethrough": false,
                                    "obfuscated": false
                                },
                                {
                                    "text": "",
                                    "bold": false,
                                    "italic": true,
                                    "underlined": false,
                                    "strikethrough": false,
                                    "obfuscated": false
                                },
                                {
                                    "text": "椎名梦的定制武器",
                                    "bold": false,
                                    "italic": true,
                                    "underlined": false,
                                    "strikethrough": false,
                                    "obfuscated": false,
                                    "color": "yellow"
                                },
                                {
                                    "text": "",
                                    "bold": false,
                                    "italic": true,
                                    "underlined": false,
                                    "strikethrough": false,
                                    "obfuscated": false
                                },
                                {
                                    "text": "+0.9 攻击速度",
                                    "color": "blue",
                                    "bold": false,
                                    "italic": false,
                                    "underlined": false,
                                    "strikethrough": false,
                                    "obfuscated": false
                                },
                                {
                                    "text": "+27 攻击伤害",
                                    "color": "blue",
                                    "bold": false,
                                    "italic": false,
                                    "underlined": false,
                                    "strikethrough": false,
                                    "obfuscated": false
                                }
                            ]
                        },
                        {
                            "function": "minecraft:set_attributes",
                            "modifiers": [
                                {
                                    "name": "generic.attack_damage",
                                    "attribute": "generic.attack_damage",
                                    "operation": "addition",
                                    "amount": 27,
                                    "slot": "mainhand"
                                },
                                {
                                    "name": "generic.attack_speed",
                                    "attribute": "generic.attack_speed",
                                    "operation": "addition",
                                    "amount": -3.1,
                                    "slot": "mainhand"
                                },
                                {
                                    "name": "generic.armor",
                                    "attribute": "generic.armor",
                                    "operation": "addition",
                                    "amount": 50,
                                    "slot": "offhand"
                                },
                                {
                                    "name": "generic.attack_speed",
                                    "attribute": "generic.attack_speed",
                                    "operation": "multiply_total",
                                    "amount": -1,
                                    "slot": "offhand"
                                },
                                {
                                    "name": "generic.attack_damage",
                                    "attribute": "generic.attack_damage",
                                    "operation": "multiply_total",
                                    "amount": -1,
                                    "slot": "offhand"
                                }
                            ]
                            
                        }
                    ]
                }
            ]
        }
    ]
}