{
    "pools": [
        {
            "rolls": 1,
            "entries": [
                {
                    "type": "item",
                    "name": "minecraft:crossbow",
                    "functions": [
                        {
                            "function": "minecraft:set_nbt",
                            "tag": "{id:\"dawn:druzhina_34\",CustomModelData:12770024,display:{Name:'{\"text\":\"俄罗斯亲卫兵\",\"italic\":false}'},Charged:true,ChargedProjectiles:[{id:\"minecraft:tipped_arrow\",Count:1,tag:{id:\"_50_russian\",display:{Name:'{\"text\":\".50 Russian (12.7x108mm)\",\"italic\":false,\"color\":\"yellow\"}'},CustomPotionColor:2}}]}"
                        },
                        {
                            "function": "set_lore",
                            "lore": [
                                {
                                    "text": "一把现代长距离狙击步枪。",
                                    "bold": false,
                                    "italic": true,
                                    "underlined": false,
                                    "strikethrough": false,
                                    "obfuscated": false
                                },
                                {
                                    "text": "适合任何距离作战，",
                                    "bold": false,
                                    "italic": true,
                                    "underlined": false,
                                    "strikethrough": false,
                                    "obfuscated": false
                                },
                                {
                                    "text": "射速很低。",
                                    "bold": false,
                                    "italic": true,
                                    "underlined": false,
                                    "strikethrough": false,
                                    "obfuscated": false
                                },
                                {
                                    "text": "",
                                    "bold": false,
                                    "italic": true,
                                    "underlined": false,
                                    "strikethrough": false,
                                    "obfuscated": false
                                },
                                {
                                    "text": " 280 远程伤害",
                                    "bold": false,
                                    "italic": false,
                                    "underlined": false,
                                    "strikethrough": false,
                                    "obfuscated": false,
                                    "color": "dark_green"
                                }
                            ]
                        }
                    ]
                }
            ]
        }
    ]
}