{
    "pools": [
        {
            "rolls": 1,
            "entries": [
                {
                    "type": "item",
                    "name": "minecraft:netherite_sword",
                    "functions": [
                        {
                            "function": "minecraft:set_nbt",
                            "tag": "{id:\"dawn:light_excalibur\",CustomModelData:12770005,HideFlags:2,Enchantments:[{id:\"minecraft:sharpness\",lvl:10},{id:\"fire_aspect\",lvl:10}],Unbreakable:true,display:{Name:'{\"text\":\"充能断钢剑\",\"color\":\"red\",\"bold\":true,\"italic\":false,\"underlined\":false,\"strikethrough\":false,\"obfuscated\":false}'}}"
                        },
                        {
                            "function": "set_lore",
                            "lore": [
                                {
                                    "text": "此乃胜利与誓约之剑! ! !",
                                    "color": "gold",
                                    "bold": false,
                                    "italic": true,
                                    "underlined": false,
                                    "strikethrough": false,
                                    "obfuscated": false
                                },
                                {
                                    "text": "",
                                    "bold": false,
                                    "italic": true,
                                    "underlined": false,
                                    "strikethrough": false,
                                    "obfuscated": false
                                },
                                {
                                    "text": "+330 攻击伤害",
                                    "color": "blue",
                                    "bold": false,
                                    "italic": false,
                                    "underlined": false,
                                    "strikethrough": false,
                                    "obfuscated": false
                                }
                            ]
                        },
                        {
                            "function": "minecraft:set_attributes",
                            "modifiers": [
                                {
                                    "name": "generic.attack_damage",
                                    "attribute": "generic.attack_damage",
                                    "operation": "addition",
                                    "amount": 330,
                                    "slot": "mainhand"
                                }
                            ]
                        }
                    ]
                }
            ]
        }
    ]
}