{
    "pools": [
        {
            "rolls": 1,
            "entries": [
                {
                    "type": "item",
                    "name": "minecraft:iron_sword",
                    "functions": [
                        {
                            "function": "minecraft:set_nbt",
                            "tag": "{id:\"dawn:saint_heart\",CustomModelData:12770008,HideFlags:2,Unbreakable:true,display:{Name:'{\"text\":\"圣人之心\",\"italic\":false,\"bold\":true,\"color\":\"red\"}'}}"
                        },
                        {
                            "function": "set_lore",
                            "lore": [
                                {
                                    "text": "这里囚禁着她的灵魂。",
                                    "bold": false,
                                    "italic": true,
                                    "underlined": false,
                                    "strikethrough": false,
                                    "obfuscated": false,
                                    "color": "gray"
                                },
                                {
                                    "text": "沾染圣人之血的十字架，散发着恶魔的力量。",
                                    "bold": false,
                                    "italic": true,
                                    "underlined": false,
                                    "strikethrough": false,
                                    "obfuscated": false
                                },
                                {
                                    "text": "",
                                    "bold": false,
                                    "italic": true,
                                    "underlined": false,
                                    "strikethrough": false,
                                    "obfuscated": false
                                },
                                {
                                    "text": "0 攻击速度",
                                    "color": "red",
                                    "bold": false,
                                    "italic": false,
                                    "underlined": false,
                                    "strikethrough": false,
                                    "obfuscated": false
                                },
                                {
                                    "text": "+44 攻击伤害",
                                    "color": "blue",
                                    "bold": false,
                                    "italic": false,
                                    "underlined": false,
                                    "strikethrough": false,
                                    "obfuscated": false
                                }
                            ]
                        },
                        {
                            "function": "minecraft:set_attributes",
                            "modifiers": [
                                {
                                    "name": "generic.attack_damage",
                                    "attribute": "generic.attack_damage",
                                    "operation": "addition",
                                    "amount": 44,
                                    "slot": "mainhand"
                                },
                                {
                                    "name": "generic.attack_speed",
                                    "attribute": "generic.attack_speed",
                                    "operation": "addition",
                                    "amount": -4,
                                    "slot": "mainhand"
                                },
                                {
                                    "name": "generic.max_health",
                                    "attribute": "generic.max_health",
                                    "operation": "addition",
                                    "amount": 30,
                                    "slot": "mainhand"
                                }
                            ]
                            
                        }
                    ]
                }
            ]
        }
    ]
}