{
    "pools": [
        {
            "rolls": 1,
            "entries": [
                {
                    "type": "item",
                    "name": "minecraft:crossbow",
                    "functions": [
                        {
                            "function": "minecraft:set_nbt",
                            "tag": "{id:\"dawn:striker\",CustomModelData:12770025,display:{Name:'{\"text\":\"打击者\",\"italic\":false}'},Charged:true,ChargedProjectiles:[{id:\"minecraft:tipped_arrow\",Count:1,tag:{id:\"_452_magnum\",display:{Name:'{\"text\":\".452 Magnum\",\"italic\":false,\"color\":\"yellow\"}'},CustomPotionColor:5}}]}"
                        },
                        {
                            "function": "set_lore",
                            "lore": [
                                {
                                    "text": "马格南手枪子弹能射穿人体。",
                                    "bold": false,
                                    "italic": true,
                                    "underlined": false,
                                    "strikethrough": false,
                                    "obfuscated": false
                                },
                                {
                                    "text": "射速低，伤害很高。",
                                    "bold": false,
                                    "italic": true,
                                    "underlined": false,
                                    "strikethrough": false,
                                    "obfuscated": false
                                },
                                {
                                    "text": "",
                                    "bold": false,
                                    "italic": true,
                                    "underlined": false,
                                    "strikethrough": false,
                                    "obfuscated": false
                                },
                                {
                                    "text": " 150 远程伤害",
                                    "bold": false,
                                    "italic": false,
                                    "underlined": false,
                                    "strikethrough": false,
                                    "obfuscated": false,
                                    "color": "dark_green"
                                }
                            ]
                        }
                    ]
                }
            ]
        }
    ]
}