{
    "pools": [
        {
            "rolls": 1,
            "entries": [
                {
                    "type": "item",
                    "name": "minecraft:iron_sword",
                    "functions": [
                        {
                            "function": "minecraft:set_nbt",
                            "tag": "{id:\"dawn:honjo_masamune\",CustomModelData:12770002,HideFlags:2,display:{Name:'{\"text\":\"武士刀 「正宗」\",\"italic\":false}'},Unbreakable:true,Enchantments:[{id:\"minecraft:sharpness\",lvl:10},{id:\"minecraft:sweeping\",lvl:5}]}"
                        },
                        {
                            "function": "set_lore",
                            "lore": [
                                {
                                    "text": "有史以来最好的武士刀之一，",
                                    "bold": false,
                                    "italic": true,
                                    "underlined": false,
                                    "strikethrough": false,
                                    "obfuscated": false
                                },
                                {
                                    "text": "于16世纪末消失，此后再也没有被找到。",
                                    "bold": false,
                                    "italic": true,
                                    "underlined": false,
                                    "strikethrough": false,
                                    "obfuscated": false
                                },
                                {
                                    "text": "",
                                    "bold": false,
                                    "italic": true,
                                    "underlined": false,
                                    "strikethrough": false,
                                    "obfuscated": false
                                },
                                {
                                    "text": "+0.9 攻击速度",
                                    "color": "blue",
                                    "bold": false,
                                    "italic": false,
                                    "underlined": false,
                                    "strikethrough": false,
                                    "obfuscated": false
                                },
                                {
                                    "text": "+10 攻击伤害",
                                    "color": "blue",
                                    "bold": false,
                                    "italic": false,
                                    "underlined": false,
                                    "strikethrough": false,
                                    "obfuscated": false
                                }
                            ]
                        },
                        {
                            "function": "minecraft:set_attributes",
                            "modifiers": [
                                {
                                    "name": "generic.attack_damage",
                                    "attribute": "generic.attack_damage",
                                    "operation": "addition",
                                    "amount": 10,
                                    "slot": "mainhand"
                                },
                                {
                                    "name": "generic.attack_speed",
                                    "attribute": "generic.attack_speed",
                                    "operation": "addition",
                                    "amount": -3.1,
                                    "slot": "mainhand"
                                }
                            ]
                            
                        }
                    ]
                }
            ]
        }
    ]
}