{
    "pools": [
        {
            "rolls": 1,
            "entries": [
                {
                    "type": "item",
                    "name": "minecraft:iron_sword",
                    "functions": [
                        {
                            "function": "minecraft:set_nbt",
                            "tag": "{id:\"dawn:katana\",CustomModelData:12770002,display:{Name:'{\"text\":\"武士刀 「」\",\"italic\":false}'}}"
                        },
                        {
                            "function": "minecraft:set_attributes",
                            "modifiers": [
                                {
                                    "name": "generic.attack_damage",
                                    "attribute": "generic.attack_damage",
                                    "operation": "addition",
                                    "amount": 8,
                                    "slot": "mainhand"
                                },
                                {
                                    "name": "generic.attack_speed",
                                    "attribute": "generic.attack_speed",
                                    "operation": "addition",
                                    "amount": -3.1,
                                    "slot": "mainhand"
                                }
                            ]
                            
                        }
                    ]
                }
            ]
        }
    ]
}