{
    "pools": [
        {
            "rolls": 1,
            "entries": [
                {
                    "type": "item",
                    "name": "minecraft:golden_sword",
                    "functions": [
                        {
                            "function": "minecraft:set_nbt",
                            "tag": "{id:\"dawn:glory_of_the_old_days\",HideFlags:2,display:{Name:'{\"text\":\"旧日辉煌\",\"italic\":false,\"color\":\"gold\"}'},Unbreakable:true,Enchantments:[{id:\"minecraft:smite\",lvl:10},{id:\"minecraft:sharpness\",lvl:10}]}"
                        },
                        {
                            "function": "set_lore",
                            "lore": [
                                {
                                    "text": "记忆不曾淡去，",
                                    "bold": false,
                                    "italic": true,
                                    "underlined": false,
                                    "strikethrough": false,
                                    "obfuscated": false
                                },
                                {
                                    "text": "辉煌亦未曾消失。",
                                    "bold": false,
                                    "italic": true,
                                    "underlined": false,
                                    "strikethrough": false,
                                    "obfuscated": false
                                },
                                {
                                    "text": "",
                                    "bold": false,
                                    "italic": true,
                                    "underlined": false,
                                    "strikethrough": false,
                                    "obfuscated": false
                                },
                                {
                                    "text": "+1.6 攻击速度",
                                    "color": "blue",
                                    "bold": false,
                                    "italic": false,
                                    "underlined": false,
                                    "strikethrough": false,
                                    "obfuscated": false
                                },
                                {
                                    "text": "+52 攻击伤害",
                                    "color": "blue",
                                    "bold": false,
                                    "italic": false,
                                    "underlined": false,
                                    "strikethrough": false,
                                    "obfuscated": false
                                },
                                {
                                    "text": "+25 神圣伤害",
                                    "color": "blue",
                                    "bold": false,
                                    "italic": false,
                                    "underlined": false,
                                    "strikethrough": false,
                                    "obfuscated": false
                                }
                            ]
                        },
                        {
                            "function": "minecraft:set_attributes",
                            "modifiers": [
                                {
                                    "name": "generic.attack_damage",
                                    "attribute": "generic.attack_damage",
                                    "operation": "addition",
                                    "amount": 52,
                                    "slot": "mainhand"
                                },
                                {
                                    "name": "generic.attack_speed",
                                    "attribute": "generic.attack_speed",
                                    "operation": "addition",
                                    "amount": -2.4,
                                    "slot": "mainhand"
                                }
                            ]
                            
                        }
                    ]
                }
            ]
        }
    ]
}