{
    "type": "minecraft:block",
    "pools": [
        {
            "rolls": 1,
            "bonus_rolls": 0,
            "entries": [
                {
                    "type": "minecraft:alternatives",
                    "children": [
                        {
                            "type": "minecraft:item",
                            "name": "minecraft:gravel",
                            "conditions": [
                                {
                                    "condition": "minecraft:reference",
                                    "name": "dawn:using_tool/iron_hammer"
                                }
                            ]
                        },
                        {
                            "type": "minecraft:item",
                            "name": "minecraft:cobblestone"
                        }
                    ]
                }
            ],
            "conditions": [
                {
                    "condition": "minecraft:survives_explosion"
                }
            ]
        }
    ]
}