{
    "pools": [
        {
            "rolls": 1,
            "entries": [
                {
                    "type": "item",
                    "name": "minecraft:netherite_ingot",
                    "functions": [
                        {
                            "function": "minecraft:set_nbt",
                            "tag": "{id:\"gem:dark_flame_gem_5\",display:{Name:'{\"text\":\"暗火宝石 +5\",\"italic\":false}'},Enchantments:[{}]}"
                        },
                        {
                            "function": "set_lore",
                            "lore": [
                                {
                                    "text": "+5 暗火伤害",
                                    "bold": false,
                                    "italic": false,
                                    "underlined": false,
                                    "strikethrough": false,
                                    "obfuscated": false,
                                    "color": "blue"
                                }
                            ]
                        }
                    ]
                }
            ]
        }
    ]
}