{
	"parent": "item/handheld",
	"textures": {
		"layer0": "item/netherite_sword"
	},
	"overrides": [
		{ "predicate": { "custom_model_data": 12770001 }, "model": "dawn:sword/sleeping_beauty"},
		{ "predicate": { "custom_model_data": 12770004 }, "model": "dawn:sword/infinity_blade"},
		{ "predicate": { "custom_model_data": 12770005 }, "model": "dawn:sword/light_excalibur"},
		{ "predicate": { "custom_model_data": 12770006 }, "model": "dawn:sword/excalibur"},
		{ "predicate": { "custom_model_data": 12770011 }, "model": "dawn:sword/rage_of_ubisoft"},
		{ "predicate": { "custom_model_data": 12770012 }, "model": "dawn:sword/infinity_blade_3D"},
		{ "predicate": { "custom_model_data": 12770013 }, "model": "dawn:sword/solar_sword"},
		{ "predicate": { "custom_model_data": 12770017 }, "model": "dawn:sword/curse"},
		{ "predicate": { "custom_model_data": 12770018 }, "model": "dawn:sword/soul_of_glory"}
	]
}