{
    "pools": [
        {
            "rolls": 1,
            "entries": [
                {
                    "type": "item",
                    "name": "minecraft:bundle",
                    "functions": [
                        {
                            "function": "minecraft:set_nbt",
                            "tag": "{id:\"dawn:rune_bag\",display:{Name:'{\"text\":\"符文袋\",\"italic\":false}'},Enchantments:[{}]}"
                        },
                        {
                            "function": "set_lore",
                            "lore": [
                                {
                                    "text": "将符文放置于其中，即可激活它们的效果",
                                    "bold": false,
                                    "italic": true,
                                    "underlined": false,
                                    "strikethrough": false,
                                    "obfuscated": false
                                }
                            ]
                        }
                    ]
                }
            ]
        }
    ]
}