{
    "pools": [
        {
            "rolls": 1,
            "entries": [
                {
                    "type": "item",
                    "name": "minecraft:player_head",
                    "weight": 33,
                    "functions": [
                        {
                            "function": "minecraft:set_nbt",
                            "tag": "{id:\"dawn:battery\",display:{Name:'{\"text\":\"电池\",\"italic\":false}'},SkullOwner:{Id:[I;-348323053,-2104620888,-988443101,-786159885],Properties:{textures:[{Value:\"eyJ0ZXh0dXJlcyI6eyJTS0lOIjp7InVybCI6Imh0dHA6Ly90ZXh0dXJlcy5taW5lY3JhZnQubmV0L3RleHR1cmUvNzQxOTI2M2Y5ZWJjOTMxN2RjNWFiYjg3OWNkNTk3MzhkNzZlMmEyM2RjMWFjYmNiOTRlOWRjMzYyZmZjNGIifX19\"}]}}}"
                        },
                        {
                            "function": "set_lore",
                            "lore": [
                                {
                                    "text": "临时储存电能的设备",
                                    "bold": false,
                                    "italic": true,
                                    "underlined": false,
                                    "strikethrough": false,
                                    "obfuscated": false
                                }
                            ]
                        }
                    ]
                }
            ]
        }
    ]
}