{
    "pools": [
        {
            "rolls": 1,
            "entries": [
                {
                    "type": "item",
                    "name": "minecraft:player_head",
                    "weight": 33,
                    "functions": [
                        {
                            "function": "minecraft:set_nbt",
                            "tag": "{id:\"dawn:server_ram\",display:{Name:'{\"text\":\"风扇\",\"italic\":false}'},SkullOwner:{Id:[I;282580562,-123912113,-1224986519,-2105876080],Properties:{textures:[{Value:\"eyJ0ZXh0dXJlcyI6eyJTS0lOIjp7InVybCI6Imh0dHA6Ly90ZXh0dXJlcy5taW5lY3JhZnQubmV0L3RleHR1cmUvMTYwZjUwZDdlNDc2ZjZjODQ4NGIzYjk3MzEzODZhZWIwNzA5OTc0MmNkNjg1MjliNzA1ZGQ4ZjdkYTY3ODg5YyJ9fX0=\"}]}}}"
                        },
                        {
                            "function": "set_lore",
                            "lore": [
                                {
                                    "text": "防止机箱内温度过高的必要设备",
                                    "bold": false,
                                    "italic": true,
                                    "underlined": false,
                                    "strikethrough": false,
                                    "obfuscated": false
                                }
                            ]
                        }
                    ]
                }
            ]
        }
    ]
}