{
    "pools": [
        {
            "rolls": 1,
            "entries": [
                {
                    "type": "item",
                    "name": "minecraft:player_head",
                    "weight": 33,
                    "functions": [
                        {
                            "function": "minecraft:set_nbt",
                            "tag": "{id:\"dawn:mechanical_gear\",display:{Name:'{\"text\":\"机械零件\",\"italic\":false}'},SkullOwner:{Id:[I;1293062631,1689145261,-1202143108,-1435525187],Properties:{textures:[{Value:\"eyJ0ZXh0dXJlcyI6eyJTS0lOIjp7InVybCI6Imh0dHA6Ly90ZXh0dXJlcy5taW5lY3JhZnQubmV0L3RleHR1cmUvNmNiNGU0M2MyZjg1Nzc3MDVmM2VlMWM1NzBmYmJmNGUyN2ZkZTljM2RjMGU0NzI3MjFhYWE4YjA1Mzc3NWJlYiJ9fX0=\"}]}}}"
                        },
                        {
                            "function": "set_lore",
                            "lore": [
                                {
                                    "text": "多出来的零件，可以用于制造各种机器",
                                    "bold": false,
                                    "italic": true,
                                    "underlined": false,
                                    "strikethrough": false,
                                    "obfuscated": false
                                }
                            ]
                        }
                    ]
                },
                {
                    "type": "item",
                    "name": "minecraft:air",
                    "weight": 67
                }
            ]
        }
    ]
}