{
    "pools": [
        {
            "rolls": 1,
            "entries": [
                {
                    "type": "item",
                    "name": "minecraft:player_head",
                    "weight": 33,
                    "functions": [
                        {
                            "function": "minecraft:set_nbt",
                            "tag": "{id:\"dawn:redstone_core\",display:{Name:'{\"text\":\"红石核心\",\"italic\":false}'},SkullOwner:{Id:[I;1254497119,-1490598060,-1173949835,-2031860127],Properties:{textures:[{Value:\"eyJ0ZXh0dXJlcyI6eyJTS0lOIjp7InVybCI6Imh0dHA6Ly90ZXh0dXJlcy5taW5lY3JhZnQubmV0L3RleHR1cmUvODI0NWExYzNlOGQ3YzNkNTlkMDVlMzYzNGIwNGFmNGNiZjhkMTFiNzBlMmE0MGUyZTYzNjQzODZkYjQ5ZTczNyJ9fX0=\"}]}}}"
                        },
                        {
                            "function": "set_lore",
                            "lore": [
                                {
                                    "text": "提供源源不断的电能",
                                    "bold": false,
                                    "italic": true,
                                    "underlined": false,
                                    "strikethrough": false,
                                    "obfuscated": false
                                }
                            ]
                        }
                    ]
                }
            ]
        }
    ]
}