{
    "pools": [
        {
            "rolls": 1,
            "entries": [
                {
                    "type": "item",
                    "name": "minecraft:player_head",
                    "weight": 33,
                    "functions": [
                        {
                            "function": "minecraft:set_nbt",
                            "tag": "{id:\"dawn:server_ram\",display:{Name:'{\"text\":\"RAM\",\"italic\":false}'},SkullOwner:{Id:[I;1156706061,1474776471,-1961666263,1125423086],Properties:{textures:[{Value:\"eyJ0ZXh0dXJlcyI6eyJTS0lOIjp7InVybCI6Imh0dHA6Ly90ZXh0dXJlcy5taW5lY3JhZnQubmV0L3RleHR1cmUvNjYwYjAwNGYzNjBlMjg4NTVjY2YxMjM1YzJiZGVhMGEyOTk3YjBiYzAzMjU4ZTJkYzI0YWI4YTI1NzBhZWE2In19fQ==\"}]}}}"
                        },
                        {
                            "function": "set_lore",
                            "lore": [
                                {
                                    "text": "Random Access Memory",
                                    "bold": false,
                                    "italic": true,
                                    "underlined": false,
                                    "strikethrough": false,
                                    "obfuscated": false
                                }
                            ]
                        }
                    ]
                }
            ]
        }
    ]
}