{
    "pools": [
        {
            "rolls": 1,
            "entries": [
                {
                    "type": "item",
                    "name": "minecraft:player_head",
                    "weight": 33,
                    "functions": [
                        {
                            "function": "minecraft:set_nbt",
                            "tag": "{id:\"dawn:server_cpu\",display:{Name:'{\"text\":\"CPU\",\"italic\":false}'},SkullOwner:{Id:[I;-1188121869,-688502236,-1096065232,-148818000],Properties:{textures:[{Value:\"eyJ0ZXh0dXJlcyI6eyJTS0lOIjp7InVybCI6Imh0dHA6Ly90ZXh0dXJlcy5taW5lY3JhZnQubmV0L3RleHR1cmUvZDU2Yzk0NjE5MDMxMjMxNjhjZTY2N2VhZDdlYTU2YTUxNjEzMDk3MDQ5YmE2NDc4MzJiMzcyMmFmZmJlYjYzNiJ9fX0=\"}]}}}"
                        },
                        {
                            "function": "set_lore",
                            "lore": [
                                {
                                    "text": "Central Processing Unit",
                                    "bold": false,
                                    "italic": true,
                                    "underlined": false,
                                    "strikethrough": false,
                                    "obfuscated": false
                                }
                            ]
                        }
                    ]
                }
            ]
        }
    ]
}