{
    "pools": [
        {
            "rolls": 1,
            "entries": [
                {
                    "type": "item",
                    "name": "minecraft:player_head",
                    "weight": 33,
                    "functions": [
                        {
                            "function": "minecraft:set_nbt",
                            "tag": "{id:\"dawn:server\",display:{Name:'{\"text\":\"服务器\",\"italic\":false}'},SkullOwner:{Id:[I;1673805829,-438288149,-1586009670,2108963391],Properties:{textures:[{Value:\"eyJ0ZXh0dXJlcyI6eyJTS0lOIjp7InVybCI6Imh0dHA6Ly90ZXh0dXJlcy5taW5lY3JhZnQubmV0L3RleHR1cmUvOTJiMTcxMmI5MDdjZTZiMTQwMmVhYWMyOGVjMjRhNGQ5NTU2OGY0YWI4N2U1OTc5ODBjMTViMjJiYmJkN2E1In19fQ==\"}]}}}"
                        },
                        {
                            "function": "set_lore",
                            "lore": [
                                {
                                    "text": "结构极其复杂的设备，能够进行大规模的运算",
                                    "bold": false,
                                    "italic": true,
                                    "underlined": false,
                                    "strikethrough": false,
                                    "obfuscated": false
                                }
                            ]
                        }
                    ]
                }
            ]
        }
    ]
}