{
	"credit": "theonethefool",
	"ambientocclusion": false,
	"texture_size": [1, 1],
	"textures": {
		"0": "theone:universal/handheld",
		"1": "theone:universal/all_color",
		"2": "theone:universal/magic_blue",
		"3": "theone:universal/magic_complex",
		"4":"theone:universal/empty",
		"particle": "theone:universal/all_color"
	},
	"elements": [
		{
			"from": [7, -2, 7.2],
			"to": [7.6, -1.4, 7.8],
			"rotation": {"angle": 0, "axis": "y", "origin": [7, 0, 7]},
			"faces": {
				"north": {"uv": [0, 0, 9.6, 9.6], "rotation": 180, "texture": "#0"},
				"east": {"uv": [0, 0, 9.6, 9.6], "rotation": 270, "texture": "#0"},
				"south": {"uv": [0, 0, 9.6, 9.6], "texture": "#0"},
				"west": {"uv": [0, 0, 9.6, 9.6], "rotation": 90, "texture": "#0"},
				"up": {"uv": [0, 0, 9.6, 9.6], "rotation": 180, "texture": "#0"},
				"down": {"uv": [0, 0, 9.6, 9.6], "texture": "#0"}
			}
		},
		{
			"from": [7, -1, 7.2],
			"to": [7.6, -0.4, 7.8],
			"rotation": {"angle": 0, "axis": "y", "origin": [7, 0, 7]},
			"faces": {
				"north": {"uv": [0, 0, 9.6, 9.6], "rotation": 180, "texture": "#0"},
				"east": {"uv": [0, 0, 9.6, 9.6], "rotation": 270, "texture": "#0"},
				"south": {"uv": [0, 0, 9.6, 9.6], "texture": "#0"},
				"west": {"uv": [0, 0, 9.6, 9.6], "rotation": 90, "texture": "#0"},
				"up": {"uv": [0, 0, 9.6, 9.6], "rotation": 180, "texture": "#0"},
				"down": {"uv": [0, 0, 9.6, 9.6], "texture": "#0"}
			}
		},
		{
			"from": [7, 1, 7.2],
			"to": [7.6, 1.6, 7.8],
			"rotation": {"angle": 0, "axis": "y", "origin": [7, 0, 7]},
			"faces": {
				"north": {"uv": [0, 0, 9.6, 9.6], "rotation": 180, "texture": "#0"},
				"east": {"uv": [0, 0, 9.6, 9.6], "rotation": 270, "texture": "#0"},
				"south": {"uv": [0, 0, 9.6, 9.6], "texture": "#0"},
				"west": {"uv": [0, 0, 9.6, 9.6], "rotation": 90, "texture": "#0"},
				"up": {"uv": [0, 0, 9.6, 9.6], "rotation": 180, "texture": "#0"},
				"down": {"uv": [0, 0, 9.6, 9.6], "texture": "#0"}
			}
		},
		{
			"from": [7, 2, 7.2],
			"to": [7.6, 2.6, 7.8],
			"rotation": {"angle": 45, "axis": "x", "origin": [7, 2, 7]},
			"faces": {
				"north": {"uv": [0, 0, 9.6, 9.6], "texture": "#0"},
				"east": {"uv": [0, 0, 9.6, 9.6], "texture": "#0"},
				"south": {"uv": [0, 0, 9.6, 9.6], "texture": "#0"},
				"west": {"uv": [0, 0, 9.6, 9.6], "texture": "#0"},
				"up": {"uv": [0, 0, 9.6, 9.6], "texture": "#0"},
				"down": {"uv": [0, 0, 9.6, 9.6], "texture": "#0"}
			}
		},
		{
			"from": [7, 2, 7.2],
			"to": [7.6, 2.6, 7.8],
			"rotation": {"angle": 22.5, "axis": "x", "origin": [7, 2, 7]},
			"faces": {
				"north": {"uv": [0, 0, 9.6, 9.6], "rotation": 180, "texture": "#0"},
				"east": {"uv": [0, 0, 9.6, 9.6], "rotation": 180, "texture": "#0"},
				"south": {"uv": [0, 0, 9.6, 9.6], "rotation": 180, "texture": "#0"},
				"west": {"uv": [0, 0, 9.6, 9.6], "rotation": 180, "texture": "#0"},
				"up": {"uv": [0, 0, 9.6, 9.6], "rotation": 270, "texture": "#0"},
				"down": {"uv": [0, 0, 9.6, 9.6], "rotation": 90, "texture": "#0"}
			}
		},
		{
			"from": [7, 2, 7.2],
			"to": [7.6, 2.6, 7.8],
			"rotation": {"angle": -22.5, "axis": "x", "origin": [7, 2, 7]},
			"faces": {
				"north": {"uv": [0, 0, 9.6, 9.6], "rotation": 180, "texture": "#0"},
				"east": {"uv": [0, 0, 9.6, 9.6], "rotation": 180, "texture": "#0"},
				"south": {"uv": [0, 0, 9.6, 9.6], "rotation": 180, "texture": "#0"},
				"west": {"uv": [0, 0, 9.6, 9.6], "rotation": 180, "texture": "#0"},
				"up": {"uv": [0, 0, 9.6, 9.6], "rotation": 270, "texture": "#0"},
				"down": {"uv": [0, 0, 9.6, 9.6], "rotation": 90, "texture": "#0"}
			}
		},
		{
			"from": [7, 2, 7.2],
			"to": [7.6, 2.6, 7.8],
			"rotation": {"angle": 45, "axis": "z", "origin": [7, 2, 7]},
			"faces": {
				"north": {"uv": [0, 0, 9.6, 9.6], "rotation": 180, "texture": "#0"},
				"east": {"uv": [0, 0, 9.6, 9.6], "rotation": 180, "texture": "#0"},
				"south": {"uv": [0, 0, 9.6, 9.6], "rotation": 180, "texture": "#0"},
				"west": {"uv": [0, 0, 9.6, 9.6], "rotation": 180, "texture": "#0"},
				"up": {"uv": [0, 0, 9.6, 9.6], "rotation": 270, "texture": "#0"},
				"down": {"uv": [0, 0, 9.6, 9.6], "rotation": 90, "texture": "#0"}
			}
		},
		{
			"from": [7, 2, 7.2],
			"to": [7.6, 2.6, 7.8],
			"rotation": {"angle": -22.5, "axis": "z", "origin": [7, 2, 7]},
			"faces": {
				"north": {"uv": [0, 0, 9.6, 9.6], "rotation": 180, "texture": "#0"},
				"east": {"uv": [0, 0, 9.6, 9.6], "rotation": 180, "texture": "#0"},
				"south": {"uv": [0, 0, 9.6, 9.6], "rotation": 180, "texture": "#0"},
				"west": {"uv": [0, 0, 9.6, 9.6], "rotation": 180, "texture": "#0"},
				"up": {"uv": [0, 0, 9.6, 9.6], "rotation": 270, "texture": "#0"},
				"down": {"uv": [0, 0, 9.6, 9.6], "rotation": 90, "texture": "#0"}
			}
		},
		{
			"from": [7, 1, 7.2],
			"to": [7.6, 1.6, 7.8],
			"rotation": {"angle": 45, "axis": "z", "origin": [7, 2, 7]},
			"faces": {
				"north": {"uv": [0, 0, 9.6, 9.6], "rotation": 270, "texture": "#0"},
				"east": {"uv": [0, 0, 9.6, 9.6], "rotation": 90, "texture": "#0"},
				"south": {"uv": [0, 0, 9.6, 9.6], "rotation": 90, "texture": "#0"},
				"west": {"uv": [0, 0, 9.6, 9.6], "rotation": 90, "texture": "#0"},
				"up": {"uv": [0, 0, 9.6, 9.6], "rotation": 90, "texture": "#0"},
				"down": {"uv": [0, 0, 9.6, 9.6], "rotation": 90, "texture": "#0"}
			}
		},
		{
			"from": [7, 1, 7.2],
			"to": [7.6, 1.6, 7.8],
			"rotation": {"angle": 0, "axis": "y", "origin": [7, 2, 7]},
			"faces": {
				"north": {"uv": [0, 0, 9.6, 9.6], "texture": "#0"},
				"east": {"uv": [0, 0, 9.6, 9.6], "rotation": 90, "texture": "#0"},
				"south": {"uv": [0, 0, 9.6, 9.6], "rotation": 180, "texture": "#0"},
				"west": {"uv": [0, 0, 9.6, 9.6], "rotation": 270, "texture": "#0"},
				"up": {"uv": [0, 0, 9.6, 9.6], "texture": "#0"},
				"down": {"uv": [0, 0, 9.6, 9.6], "rotation": 180, "texture": "#0"}
			}
		},
		{
			"from": [7, 0, 7.2],
			"to": [7.6, 0.6, 7.8],
			"rotation": {"angle": 0, "axis": "y", "origin": [7, 0, 7]},
			"faces": {
				"north": {"uv": [0, 0, 9.6, 9.6], "rotation": 180, "texture": "#0"},
				"east": {"uv": [0, 0, 9.6, 9.6], "rotation": 270, "texture": "#0"},
				"south": {"uv": [0, 0, 9.6, 9.6], "texture": "#0"},
				"west": {"uv": [0, 0, 9.6, 9.6], "rotation": 90, "texture": "#0"},
				"up": {"uv": [0, 0, 9.6, 9.6], "rotation": 180, "texture": "#0"},
				"down": {"uv": [0, 0, 9.6, 9.6], "texture": "#0"}
			}
		},
		{
			"from": [6, -3, 7.2],
			"to": [6.6, -2.4, 7.8],
			"rotation": {"angle": 22.5, "axis": "z", "origin": [7, 0, 7]},
			"faces": {
				"north": {"uv": [0, 0, 9.6, 9.6], "rotation": 180, "texture": "#0"},
				"east": {"uv": [0, 0, 9.6, 9.6], "rotation": 270, "texture": "#0"},
				"south": {"uv": [0, 0, 9.6, 9.6], "texture": "#0"},
				"west": {"uv": [0, 0, 9.6, 9.6], "rotation": 90, "texture": "#0"},
				"up": {"uv": [0, 0, 9.6, 9.6], "rotation": 180, "texture": "#0"},
				"down": {"uv": [0, 0, 9.6, 9.6], "texture": "#0"}
			}
		},
		{
			"from": [8, -3, 7.2],
			"to": [8.6, -2.4, 7.8],
			"rotation": {"angle": -22.5, "axis": "z", "origin": [7, 0, 7]},
			"faces": {
				"north": {"uv": [0, 0, 9.6, 9.6], "rotation": 180, "texture": "#0"},
				"east": {"uv": [0, 0, 9.6, 9.6], "rotation": 270, "texture": "#0"},
				"south": {"uv": [0, 0, 9.6, 9.6], "texture": "#0"},
				"west": {"uv": [0, 0, 9.6, 9.6], "rotation": 90, "texture": "#0"},
				"up": {"uv": [0, 0, 9.6, 9.6], "rotation": 180, "texture": "#0"},
				"down": {"uv": [0, 0, 9.6, 9.6], "texture": "#0"}
			}
		},
		{
			"from": [7, -3, 7.2],
			"to": [7.6, -2.4, 7.8],
			"rotation": {"angle": 0, "axis": "y", "origin": [7, 0, 7]},
			"faces": {
				"north": {"uv": [0, 0, 9.6, 9.6], "rotation": 180, "texture": "#0"},
				"east": {"uv": [0, 0, 9.6, 9.6], "rotation": 270, "texture": "#0"},
				"south": {"uv": [0, 0, 9.6, 9.6], "texture": "#0"},
				"west": {"uv": [0, 0, 9.6, 9.6], "rotation": 90, "texture": "#0"},
				"up": {"uv": [0, 0, 9.6, 9.6], "rotation": 180, "texture": "#0"},
				"down": {"uv": [0, 0, 9.6, 9.6], "texture": "#0"}
			}
		},
		{
			"from": [6.76537, -3.15224, 7.2],
			"to": [7.36537, -2.55224, 7.8],
			"rotation": {"angle": 45, "axis": "z", "origin": [7, -2, 7]},
			"faces": {
				"north": {"uv": [0, 0, 9.6, 9.6], "rotation": 180, "texture": "#0"},
				"east": {"uv": [0, 0, 9.6, 9.6], "rotation": 270, "texture": "#0"},
				"south": {"uv": [0, 0, 9.6, 9.6], "texture": "#0"},
				"west": {"uv": [0, 0, 9.6, 9.6], "rotation": 90, "texture": "#0"},
				"up": {"uv": [0, 0, 9.6, 9.6], "rotation": 180, "texture": "#0"},
				"down": {"uv": [0, 0, 9.6, 9.6], "texture": "#0"}
			}
		},
		{
			"from": [7, -3, 7.2],
			"to": [7.6, -2.4, 7.8],
			"rotation": {"angle": 0, "axis": "y", "origin": [7, 0, 7]},
			"faces": {
				"north": {"uv": [0, 0, 9.6, 9.6], "rotation": 180, "texture": "#0"},
				"east": {"uv": [0, 0, 9.6, 9.6], "rotation": 270, "texture": "#0"},
				"south": {"uv": [0, 0, 9.6, 9.6], "texture": "#0"},
				"west": {"uv": [0, 0, 9.6, 9.6], "rotation": 90, "texture": "#0"},
				"up": {"uv": [0, 0, 9.6, 9.6], "rotation": 180, "texture": "#0"},
				"down": {"uv": [0, 0, 9.6, 9.6], "texture": "#0"}
			}
		},
		{
			"name": "magic_texture",
			"from": [4, 2, 4],
			"to": [11, 2, 11],
			"faces": {
				"north": {"uv": [0, 0, 16, 16], "texture": "#2"},
				"east": {"uv": [0, 0, 16, 16], "texture": "#2"},
				"south": {"uv": [0, 0, 16, 16], "texture": "#2"},
				"west": {"uv": [0, 0, 16, 16], "texture": "#2"},
				"up": {"uv": [0, 0, 16, 16], "texture": "#2"},
				"down": {"uv": [0, 0, 16, 16], "texture": "#2"}
			}
		},
		{
			"name": "magic_texture",
			"from": [6, -2, 6],
			"to": [9, -2, 9],
			"faces": {
				"north": {"uv": [0, 0, 16, 16], "texture": "#2"},
				"east": {"uv": [0, 0, 16, 16], "texture": "#2"},
				"south": {"uv": [0, 0, 16, 16], "texture": "#2"},
				"west": {"uv": [0, 0, 16, 16], "texture": "#2"},
				"up": {"uv": [0, 0, 16, 16], "texture": "#2"},
				"down": {"uv": [0, 0, 16, 16], "texture": "#2"}
			}
		},
		{
			"name": "magic_texture",
			"from": [5, 3, 5],
			"to": [10, 3, 10],
			"faces": {
				"north": {"uv": [0, 0, 16, 16], "texture": "#3"},
				"east": {"uv": [0, 0, 16, 16], "texture": "#3"},
				"south": {"uv": [0, 0, 16, 16], "texture": "#3"},
				"west": {"uv": [0, 0, 16, 16], "texture": "#3"},
				"up": {"uv": [0, 0, 16, 16], "texture": "#3"},
				"down": {"uv": [0, 0, 16, 16], "texture": "#3"}
			}
		},
		{
			"name": "sword_body",
			"from": [7.25, 4, 6.5],
			"to": [7.75, 21, 8.5],
			"rotation": {"angle": 0, "axis": "y", "origin": [8, 9, 8]},
			"faces": {
				"north": {"uv": [0, 0, 16, 16], "texture": "#1"},
				"east": {"uv": [0, 0, 16, 16], "texture": "#1"},
				"south": {"uv": [0, 0, 16, 16], "texture": "#1"},
				"west": {"uv": [0, 0, 16, 16], "texture": "#1"},
				"up": {"uv": [0, 0, 16, 16], "texture": "#1"},
				"down": {"uv": [0, 0, 16, 16], "texture": "#1"}
			}
		},
		{
			"from": [7.25, 3.8, 7.75],
			"to": [7.75, 4.8, 8.75],
			"rotation": {"angle": -22.5, "axis": "x", "origin": [7.5, 4, 8.5]},
			"faces": {
				"north": {"uv": [0, 0, 16, 16], "texture": "#1"},
				"east": {"uv": [0, 0, 16, 16], "texture": "#1"},
				"south": {"uv": [0, 0, 16, 16], "texture": "#1"},
				"west": {"uv": [0, 0, 16, 16], "texture": "#1"},
				"up": {"uv": [0, 0, 16, 16], "texture": "#1"},
				"down": {"uv": [0, 0, 16, 16], "texture": "#1"}
			}
		},
		{
			"from": [7.25, 5.567, 9.7],
			"to": [7.75, 6.567, 10.7],
			"rotation": {"angle": 22.5, "axis": "x", "origin": [7.5, 13.77863, 4.0166]},
			"faces": {
				"north": {"uv": [0, 0, 16, 16], "rotation": 180, "texture": "#1"},
				"east": {"uv": [0, 0, 16, 16], "rotation": 180, "texture": "#1"},
				"south": {"uv": [0, 0, 16, 16], "rotation": 180, "texture": "#1"},
				"west": {"uv": [0, 0, 16, 16], "rotation": 180, "texture": "#1"},
				"up": {"uv": [0, 0, 16, 16], "rotation": 180, "texture": "#1"},
				"down": {"uv": [0, 0, 16, 16], "rotation": 180, "texture": "#1"}
			}
		},
		{
			"from": [7.25, 5.567, 9.8],
			"to": [7.75, 6.567, 10.8],
			"rotation": {"angle": 22.5, "axis": "x", "origin": [7.5, 13.77863, 4.0166]},
			"faces": {
				"north": {"uv": [0, 0, 8, 16], "rotation": 180, "texture": "#1"},
				"east": {"uv": [0, 0, 8, 16], "rotation": 180, "texture": "#1"},
				"south": {"uv": [0, 0, 8, 16], "rotation": 180, "texture": "#1"},
				"west": {"uv": [0, 0, 8, 16], "rotation": 180, "texture": "#1"},
				"up": {"uv": [0, 0, 8, 16], "rotation": 180, "texture": "#1"},
				"down": {"uv": [0, 0, 8, 16], "rotation": 180, "texture": "#1"}
			}
		},
		{
			"from": [7.25, 3.57, 7.1],
			"to": [7.75, 4.97, 8.1],
			"rotation": {"angle": 0, "axis": "y", "origin": [7.5, 3.80268, 7.04054]},
			"faces": {
				"north": {"uv": [0, 0, 8, 16], "texture": "#1"},
				"east": {"uv": [0, 0, 8, 16], "texture": "#1"},
				"south": {"uv": [0, 0, 8, 16], "texture": "#1"},
				"west": {"uv": [0, 0, 8, 16], "texture": "#1"},
				"up": {"uv": [0, 0, 8, 16], "texture": "#1"},
				"down": {"uv": [0, 0, 8, 16], "texture": "#1"}
			}
		},
		{
			"name": "sword_top",
			"from": [7.25, 20.9, 7.55],
			"to": [7.75, 21.9, 8.55],
			"rotation": {"angle": 45, "axis": "x", "origin": [7.5, 21.5, 7.5]},
			"faces": {
				"north": {"uv": [0, 0, 8, 16], "texture": "#1"},
				"east": {"uv": [0, 0, 8, 16], "texture": "#1"},
				"south": {"uv": [0, 0, 8, 16], "texture": "#1"},
				"west": {"uv": [0, 0, 8, 16], "texture": "#1"},
				"up": {"uv": [0, 0, 8, 16], "texture": "#1"},
				"down": {"uv": [0, 0, 8, 16], "texture": "#4"}
			}
		},
		{
			"name": "sword_top",
			"from": [7.25, 20.45, 7.13],
			"to": [7.75, 21.45, 8.13],
			"rotation": {"angle": 45, "axis": "x", "origin": [7.5, 21.5, 7.5]},
			"faces": {
				"north": {"uv": [0, 0, 8, 16], "texture": "#1"},
				"east": {"uv": [0, 0, 8, 16], "texture": "#1"},
				"south": {"uv": [0, 0, 8, 16], "texture": "#1"},
				"west": {"uv": [0, 0, 8, 16], "texture": "#1"},
				"up": {"uv": [0, 0, 8, 16], "texture": "#1"},
				"down": {"uv": [0, 0, 8, 16], "texture": "#4"}
			}
		},
		{
			"name": "sword_top",
			"from": [7.25, 20.9, 7.13],
			"to": [7.75, 21.9, 8.13],
			"rotation": {"angle": 45, "axis": "x", "origin": [7.5, 21.5, 7.5]},
			"faces": {
				"north": {"uv": [0, 0, 8, 16], "texture": "#1"},
				"east": {"uv": [0, 0, 16, 16], "texture": "#1"},
				"south": {"uv": [0, 0, 8, 16], "texture": "#1"},
				"west": {"uv": [0, 0, 16, 16], "texture": "#1"},
				"up": {"uv": [0, 0, 8, 16], "texture": "#1"},
				"down": {"uv": [0, 0, 8, 16], "texture": "#4"}
			}
		},
		{
			"name": "sword_smallpart",
			"from": [7.05, -1.5, 7.25],
			"to": [7.55, -1, 7.75],
			"faces": {
				"north": {"uv": [0, 0, 8, 8], "texture": "#0"},
				"east": {"uv": [0, 0, 8, 8], "texture": "#0"},
				"south": {"uv": [0, 0, 8, 8], "texture": "#0"},
				"west": {"uv": [0, 0, 8, 8], "texture": "#0"},
				"up": {"uv": [0, 0, 8, 8], "texture": "#0"},
				"down": {"uv": [0, 0, 8, 8], "texture": "#0"}
			}
		},
		{
			"name": "sword_smallpart",
			"from": [7.05, -0.5, 7.25],
			"to": [7.55, 0, 7.75],
			"faces": {
				"north": {"uv": [0, 0, 8, 8], "texture": "#0"},
				"east": {"uv": [0, 0, 8, 8], "texture": "#0"},
				"south": {"uv": [0, 0, 8, 8], "texture": "#0"},
				"west": {"uv": [0, 0, 8, 8], "texture": "#0"},
				"up": {"uv": [0, 0, 8, 8], "texture": "#0"},
				"down": {"uv": [0, 0, 8, 8], "texture": "#0"}
			}
		},
		{
			"name": "sword_smallpart",
			"from": [7.05, 0.5, 7.25],
			"to": [7.55, 1, 7.75],
			"faces": {
				"north": {"uv": [0, 0, 8, 8], "texture": "#0"},
				"east": {"uv": [0, 0, 8, 8], "texture": "#0"},
				"south": {"uv": [0, 0, 8, 8], "texture": "#0"},
				"west": {"uv": [0, 0, 8, 8], "texture": "#0"},
				"up": {"uv": [0, 0, 8, 8], "texture": "#0"},
				"down": {"uv": [0, 0, 8, 8], "texture": "#0"}
			}
		},
		{
			"name": "sword_smallpart",
			"from": [7.05, -2.5, 7.25],
			"to": [7.55, -2, 7.75],
			"faces": {
				"north": {"uv": [0, 0, 8, 8], "texture": "#0"},
				"east": {"uv": [0, 0, 8, 8], "texture": "#0"},
				"south": {"uv": [0, 0, 8, 8], "texture": "#0"},
				"west": {"uv": [0, 0, 8, 8], "texture": "#0"},
				"up": {"uv": [0, 0, 8, 8], "texture": "#0"},
				"down": {"uv": [0, 0, 8, 8], "texture": "#0"}
			}
		}
	],
	"display": {
		"thirdperson_righthand": {
			"rotation": [-0.71, 4.01, 13.83],
			"translation": [-1.5, 11, 1.75],
			"scale": [1.5, 1.5, 1.5]
		}
	}
}