{
	"credit": "Made with Blockbench",
	"textures": {
		"3": "theone:universal/black",
		"5": "theone:universal/dark_red",
		"6": "theone:universal/red",
		"7": "theone:universal/pure_blue"
	},
	"elements": [
		{
			"from": [0, -0.005, -0.5],
			"to": [16, 0.996, 0.50099],
			"faces": {
				"north": {"uv": [0, 0, 16, 1], "texture": "#3"},
				"east": {"uv": [0, 0, 16, 1], "texture": "#3"},
				"south": {"uv": [0, 0, 16, 1], "texture": "#3"},
				"west": {"uv": [0, 0, 16, 1], "texture": "#3"},
				"up": {"uv": [0, 0, 16, 1], "texture": "#3"},
				"down": {"uv": [0, 0, 16, 1], "texture": "#3"}
			}
		},
		{
			"from": [-16, 0.35, 0.35],
			"to": [1, 0.65, 0.65],
			"faces": {
				"north": {"uv": [0, 0, 16, 0.3], "texture": "#3"},
				"east": {"uv": [0, 0, 16, 0.3], "texture": "#3"},
				"south": {"uv": [0, 0, 16, 0.3], "texture": "#3"},
				"west": {"uv": [0, 0, 16, 0.3], "texture": "#3"},
				"up": {"uv": [0, 0, 16, 0.3], "texture": "#3"},
				"down": {"uv": [0, 0, 16, 0.3], "texture": "#3"}
			}
		},
		{
			"from": [-16, 0.25, 0.25],
			"to": [-15, 0.75, 0.75],
			"faces": {
				"north": {"uv": [15, 15.40741, 16, 15.98148], "texture": "#3"},
				"east": {"uv": [15, 15.40741, 16, 15.98148], "texture": "#3"},
				"south": {"uv": [15, 15.40741, 16, 15.98148], "texture": "#3"},
				"west": {"uv": [15, 15.40741, 16, 15.98148], "texture": "#3"},
				"up": {"uv": [15, 15.40741, 16, 15.98148], "texture": "#3"},
				"down": {"uv": [15, 15.40741, 16, 15.98148], "texture": "#3"}
			}
		},
		{
			"from": [-0.2, 0, -0.5],
			"to": [0.8, 1, 0.5],
			"rotation": {"angle": -22.5, "axis": "y", "origin": [0, 0, 0]},
			"faces": {
				"north": {"uv": [0, 0, 1, 1], "texture": "#3"},
				"east": {"uv": [0, 0, 1, 1], "texture": "#3"},
				"south": {"uv": [0, 0, 1, 1], "texture": "#3"},
				"west": {"uv": [0, 0, 1, 1], "texture": "#3"},
				"up": {"uv": [0, 0, 1, 1], "texture": "#3"},
				"down": {"uv": [0, 0, 1, 1], "texture": "#3"}
			}
		},
		{
			"from": [-0.2, 0, 0.5],
			"to": [0.8, 1, 1.5],
			"rotation": {"angle": -22.5, "axis": "y", "origin": [0, 0, 0]},
			"faces": {
				"north": {"uv": [0, 0, 1, 1], "texture": "#3"},
				"east": {"uv": [0, 0, 1, 1], "texture": "#3"},
				"south": {"uv": [0, 0, 1, 1], "texture": "#3"},
				"west": {"uv": [0, 0, 1, 1], "texture": "#3"},
				"up": {"uv": [0, 0, 1, 1], "texture": "#3"},
				"down": {"uv": [0, 0, 1, 1], "texture": "#3"}
			}
		},
		{
			"from": [0.2, 0, -0.3],
			"to": [1.2, 1, 1.7],
			"faces": {
				"north": {"uv": [0, 0, 1, 2], "texture": "#3"},
				"east": {"uv": [0, 0, 1, 2], "texture": "#3"},
				"south": {"uv": [0, 0, 1, 2], "texture": "#3"},
				"west": {"uv": [0, 0, 1, 2], "texture": "#3"},
				"up": {"uv": [0, 0, 1, 2], "texture": "#3"},
				"down": {"uv": [0, 0, 1, 2], "texture": "#3"}
			}
		},
		{
			"from": [1, 0, -0.3],
			"to": [6, 1, 1.7],
			"faces": {
				"north": {"uv": [11, 0, 16, 2], "texture": "#3"},
				"east": {"uv": [11, 0, 16, 2], "texture": "#3"},
				"south": {"uv": [11, 0, 16, 2], "texture": "#3"},
				"west": {"uv": [11, 0, 16, 2], "texture": "#3"},
				"up": {"uv": [11, 0, 16, 2], "texture": "#3"},
				"down": {"uv": [11, 0, 16, 2], "texture": "#3"}
			}
		},
		{
			"from": [8.8, 0.001, -0.3],
			"to": [15.8, 1.003, 1.7],
			"faces": {
				"north": {"uv": [3.24198, 6.81633, 10.24198, 8.81633], "texture": "#3"},
				"east": {"uv": [3.24198, 6.81633, 10.24198, 8.81633], "texture": "#3"},
				"south": {"uv": [3.24198, 6.81633, 10.24198, 8.81633], "texture": "#3"},
				"west": {"uv": [3.24198, 6.81633, 10.24198, 8.81633], "texture": "#3"},
				"up": {"uv": [3.24198, 6.81633, 10.24198, 8.81633], "texture": "#3"},
				"down": {"uv": [3.24198, 6.81633, 10.24198, 8.81633], "texture": "#3"}
			}
		},
		{
			"from": [15.8, 0, -0.3],
			"to": [16.8, 1, 1.7],
			"faces": {
				"north": {"uv": [0, 0, 1, 2], "texture": "#3"},
				"east": {"uv": [0, 0, 1, 2], "texture": "#3"},
				"south": {"uv": [0, 0, 1, 2], "texture": "#3"},
				"west": {"uv": [0, 0, 1, 2], "texture": "#3"},
				"up": {"uv": [0, 0, 1, 2], "texture": "#3"},
				"down": {"uv": [0, 0, 1, 2], "texture": "#3"}
			}
		},
		{
			"from": [9.8, 0, 0.7],
			"to": [16.8, 1, 1.7],
			"faces": {
				"north": {"uv": [0, 0, 7, 1], "texture": "#3"},
				"east": {"uv": [0, 0, 7, 1], "texture": "#3"},
				"south": {"uv": [0, 0, 7, 1], "texture": "#3"},
				"west": {"uv": [0, 0, 7, 1], "texture": "#3"},
				"up": {"uv": [0, 0, 7, 1], "texture": "#3"},
				"down": {"uv": [0, 0, 7, 1], "texture": "#3"}
			}
		},
		{
			"from": [11.6, 0, 1.2],
			"to": [13.05, 1, 4.2],
			"rotation": {"angle": 22.5, "axis": "y", "origin": [11.3, 0.5, 0.7]},
			"faces": {
				"north": {"uv": [0, 0, 3, 1.45], "rotation": 270, "texture": "#3"},
				"east": {"uv": [0, 0, 3, 1.45], "rotation": 270, "texture": "#3"},
				"south": {"uv": [0, 0, 3, 1.45], "rotation": 270, "texture": "#3"},
				"west": {"uv": [0, 0, 3, 1.45], "rotation": 270, "texture": "#3"},
				"up": {"uv": [0, 0, 3, 1.45], "rotation": 270, "texture": "#3"},
				"down": {"uv": [0, 0, 3, 1.45], "rotation": 270, "texture": "#3"}
			}
		},
		{
			"from": [4, 0.001, 0.2],
			"to": [9, 1.003, 1.2],
			"faces": {
				"north": {"uv": [0, 0, 10, 2], "texture": "#3"},
				"east": {"uv": [0, 0, 10, 2], "texture": "#3"},
				"south": {"uv": [0, 0, 10, 2], "texture": "#3"},
				"west": {"uv": [0, 0, 10, 2], "texture": "#3"},
				"up": {"uv": [0, 0, 10, 2], "texture": "#3"},
				"down": {"uv": [0, 0, 10, 2], "texture": "#3"}
			}
		},
		{
			"from": [5.7, 0, 1],
			"to": [6.7, 1, 2],
			"rotation": {"angle": 45, "axis": "y", "origin": [5.5, 0.5, 1.5]},
			"faces": {
				"north": {"uv": [8.59259, 5.85185, 9.59259, 6.85185], "texture": "#3"},
				"east": {"uv": [8.59259, 5.85185, 9.59259, 6.85185], "texture": "#3"},
				"south": {"uv": [8.59259, 5.85185, 9.59259, 6.85185], "texture": "#3"},
				"west": {"uv": [8.59259, 5.85185, 9.59259, 6.85185], "texture": "#3"},
				"up": {"uv": [8.59259, 5.85185, 9.59259, 6.85185], "texture": "#3"},
				"down": {"uv": [8.59259, 5.85185, 9.59259, 6.85185], "texture": "#3"}
			}
		},
		{
			"from": [7.7, 0, 3],
			"to": [8.7, 1, 4],
			"rotation": {"angle": 45, "axis": "y", "origin": [5.5, 0.5, 1.5]},
			"faces": {
				"north": {"uv": [8.14815, 6.14815, 9.14815, 7.14815], "texture": "#3"},
				"east": {"uv": [8.14815, 6.14815, 9.14815, 7.14815], "texture": "#3"},
				"south": {"uv": [8.14815, 6.14815, 9.14815, 7.14815], "texture": "#3"},
				"west": {"uv": [8.14815, 6.14815, 9.14815, 7.14815], "texture": "#3"},
				"up": {"uv": [8.14815, 6.14815, 9.14815, 7.14815], "texture": "#3"},
				"down": {"uv": [8.14815, 6.14815, 9.14815, 7.14815], "texture": "#3"}
			}
		},
		{
			"from": [11, 0, 1],
			"to": [11.2, 1, 2],
			"rotation": {"angle": 0, "axis": "y", "origin": [1, 0, 0]},
			"faces": {
				"north": {"uv": [0, 0, 0.2, 1], "texture": "#3"},
				"east": {"uv": [0, 0, 0.2, 1], "texture": "#3"},
				"south": {"uv": [0, 0, 0.2, 1], "texture": "#3"},
				"west": {"uv": [0, 0, 0.2, 1], "texture": "#3"},
				"up": {"uv": [0, 0, 0.2, 1], "texture": "#3"},
				"down": {"uv": [0, 0, 0.2, 1], "texture": "#3"}
			}
		},
		{
			"from": [11.8, 0, 1],
			"to": [12, 1, 2],
			"rotation": {"angle": -22.5, "axis": "y", "origin": [11.7, 0.5, 1.5]},
			"faces": {
				"north": {"uv": [0, 0, 0.2, 1], "texture": "#3"},
				"east": {"uv": [0, 0, 0.2, 1], "texture": "#3"},
				"south": {"uv": [0, 0, 0.2, 1], "texture": "#3"},
				"west": {"uv": [0, 0, 0.2, 1], "texture": "#3"},
				"up": {"uv": [0, 0, 0.2, 1], "texture": "#3"},
				"down": {"uv": [0, 0, 0.2, 1], "texture": "#3"}
			}
		},
		{
			"from": [11.2, 0, 2],
			"to": [11.4, 1, 2.65],
			"rotation": {"angle": 22.5, "axis": "y", "origin": [11.1, 0.5, 2.5]},
			"faces": {
				"north": {"uv": [0, 0, 0.2, 0.65], "texture": "#3"},
				"east": {"uv": [0, 0, 0.2, 0.65], "texture": "#3"},
				"south": {"uv": [0, 0, 0.2, 0.65], "texture": "#3"},
				"west": {"uv": [0, 0, 0.2, 0.65], "texture": "#3"},
				"up": {"uv": [0, 0, 0.2, 0.65], "texture": "#3"},
				"down": {"uv": [0, 0, 0.2, 0.65], "texture": "#3"}
			}
		},
		{
			"from": [11.3, 0, 2.4],
			"to": [12.5, 1, 2.6],
			"rotation": {"angle": 0, "axis": "y", "origin": [11.21781, 0.5, 2.26178]},
			"faces": {
				"north": {"uv": [0, 0, 0.2, 1.2], "rotation": 270, "texture": "#3"},
				"east": {"uv": [0, 0, 0.2, 1.2], "rotation": 270, "texture": "#3"},
				"south": {"uv": [0, 0, 0.2, 1.2], "rotation": 270, "texture": "#3"},
				"west": {"uv": [0, 0, 0.2, 1.2], "rotation": 270, "texture": "#3"},
				"up": {"uv": [0, 0, 0.2, 1.2], "rotation": 270, "texture": "#3"},
				"down": {"uv": [0, 0, 0.2, 1.2], "rotation": 270, "texture": "#3"}
			}
		},
		{
			"from": [16, 0, -0.5],
			"to": [22, 1, 0],
			"faces": {
				"north": {"uv": [0, 0, 6, 0.5], "texture": "#3"},
				"east": {"uv": [0, 0, 6, 0.5], "texture": "#3"},
				"south": {"uv": [0, 0, 6, 0.5], "texture": "#3"},
				"west": {"uv": [0, 0, 6, 0.5], "texture": "#3"},
				"up": {"uv": [0, 0, 6, 0.5], "texture": "#3"},
				"down": {"uv": [0, 0, 6, 0.5], "texture": "#3"}
			}
		},
		{
			"from": [16.2, 0, 1.7],
			"to": [16.7, 1, 3],
			"rotation": {"angle": 22.5, "axis": "y", "origin": [16.25, 0.5, 1.5]},
			"faces": {
				"north": {"uv": [0, 0, 0.5, 1.3], "texture": "#3"},
				"east": {"uv": [0, 0, 0.5, 1.3], "texture": "#3"},
				"south": {"uv": [0, 0, 0.5, 1.3], "texture": "#3"},
				"west": {"uv": [0, 0, 0.5, 1.3], "texture": "#3"},
				"up": {"uv": [0, 0, 0.5, 1.3], "texture": "#3"},
				"down": {"uv": [0, 0, 0.5, 1.3], "texture": "#3"}
			}
		},
		{
			"from": [16.8, 0, 2.5],
			"to": [22.8, 1, 3],
			"faces": {
				"north": {"uv": [0, 0, 6, 0.5], "texture": "#3"},
				"east": {"uv": [0, 0, 6, 0.5], "texture": "#3"},
				"south": {"uv": [0, 0, 6, 0.5], "texture": "#3"},
				"west": {"uv": [0, 0, 6, 0.5], "texture": "#3"},
				"up": {"uv": [0, 0, 6, 0.5], "texture": "#3"},
				"down": {"uv": [0, 0, 6, 0.5], "texture": "#3"}
			}
		},
		{
			"from": [16.8, 0, 2],
			"to": [19.8, 1, 2.5],
			"faces": {
				"north": {"uv": [0, 0, 3, 0.5], "texture": "#3"},
				"east": {"uv": [0, 0, 3, 0.5], "texture": "#3"},
				"south": {"uv": [0, 0, 3, 0.5], "texture": "#3"},
				"west": {"uv": [0, 0, 3, 0.5], "texture": "#3"},
				"up": {"uv": [0, 0, 3, 0.5], "texture": "#3"},
				"down": {"uv": [0, 0, 3, 0.5], "texture": "#3"}
			}
		},
		{
			"from": [21.8, 0, -0.5],
			"to": [22.8, 1, 3],
			"faces": {
				"north": {"uv": [0, 0, 1, 3.5], "texture": "#3"},
				"east": {"uv": [0, 0, 1, 3.5], "texture": "#3"},
				"south": {"uv": [0, 0, 1, 3.5], "texture": "#3"},
				"west": {"uv": [0, 0, 1, 3.5], "texture": "#3"},
				"up": {"uv": [0, 0, 1, 3.5], "texture": "#3"},
				"down": {"uv": [0, 0, 1, 3.5], "texture": "#3"}
			}
		},
		{
			"from": [18.8, 0, -0.5],
			"to": [19.1, 1, 3],
			"faces": {
				"north": {"uv": [0, 0, 0.3, 3.5], "texture": "#3"},
				"east": {"uv": [0, 0, 0.3, 3.5], "texture": "#3"},
				"south": {"uv": [0, 0, 0.3, 3.5], "texture": "#3"},
				"west": {"uv": [0, 0, 0.3, 3.5], "texture": "#3"},
				"up": {"uv": [0, 0, 0.3, 3.5], "texture": "#3"},
				"down": {"uv": [0, 0, 0.3, 3.5], "texture": "#3"}
			}
		},
		{
			"from": [16.8, 0, 1.5],
			"to": [17.7, 1, 3],
			"rotation": {"angle": 22.5, "axis": "y", "origin": [17.25, 0.5, 2.25]},
			"faces": {
				"north": {"uv": [0, 0, 0.9, 1.5], "texture": "#3"},
				"east": {"uv": [0, 0, 0.9, 1.5], "texture": "#3"},
				"south": {"uv": [0, 0, 0.9, 1.5], "texture": "#3"},
				"west": {"uv": [0, 0, 0.9, 1.5], "texture": "#3"},
				"up": {"uv": [0, 0, 0.9, 1.5], "texture": "#3"},
				"down": {"uv": [0, 0, 0.9, 1.5], "texture": "#3"}
			}
		},
		{
			"from": [18.8, 0, 3],
			"to": [19.7, 1, 3.7],
			"rotation": {"angle": 22.5, "axis": "y", "origin": [17.25, 0.5, 2.25]},
			"faces": {
				"north": {"uv": [0, 0, 0.9, 0.7], "texture": "#3"},
				"east": {"uv": [0, 0, 0.9, 0.7], "texture": "#3"},
				"south": {"uv": [0, 0, 0.9, 0.7], "texture": "#3"},
				"west": {"uv": [0, 0, 0.9, 0.7], "texture": "#3"},
				"up": {"uv": [0, 0, 0.9, 0.7], "texture": "#3"},
				"down": {"uv": [0, 0, 0.9, 0.7], "texture": "#3"}
			}
		},
		{
			"from": [16.7, 0, -0.5],
			"to": [17.7, 1, 2.6],
			"rotation": {"angle": 22.5, "axis": "y", "origin": [17.3, 0.5, 2.25]},
			"faces": {
				"north": {"uv": [0, 0, 1, 3.1], "texture": "#3"},
				"east": {"uv": [0, 0, 1, 3.1], "texture": "#3"},
				"south": {"uv": [0, 0, 1, 3.1], "texture": "#3"},
				"west": {"uv": [0, 0, 1, 3.1], "texture": "#3"},
				"up": {"uv": [0, 0, 1, 3.1], "texture": "#3"},
				"down": {"uv": [0, 0, 1, 3.1], "texture": "#3"}
			}
		},
		{
			"from": [5.6, 0.0001, -2],
			"to": [13.6, 1.0003, -1],
			"faces": {
				"north": {"uv": [8.14894, 14.61241, 9.31307, 15.78262], "texture": "#3"},
				"east": {"uv": [8.14894, 14.61241, 9.31307, 15.78262], "texture": "#3"},
				"south": {"uv": [8.14894, 14.61241, 9.31307, 15.78262], "texture": "#3"},
				"west": {"uv": [8.14894, 14.61241, 9.31307, 15.78262], "texture": "#3"},
				"up": {"uv": [8.14894, 14.61241, 9.31307, 15.78262], "texture": "#3"},
				"down": {"uv": [8.14894, 14.61241, 9.31307, 15.78262], "texture": "#3"}
			}
		},
		{
			"from": [5.5, 0.1, -1.9],
			"to": [13.62, 0.9, -1.1],
			"faces": {
				"north": {"uv": [8.14894, 14.61241, 9.31307, 15.78262], "texture": "#7"},
				"east": {"uv": [8.14894, 14.61241, 9.31307, 15.78262], "texture": "#7"},
				"south": {"uv": [8.14894, 14.61241, 9.31307, 15.78262], "texture": "#7"},
				"west": {"uv": [8.14894, 14.61241, 9.31307, 15.78262], "texture": "#7"},
				"up": {"uv": [8.14894, 14.61241, 9.31307, 15.78262], "texture": "#7"},
				"down": {"uv": [8.14894, 14.61241, 9.31307, 15.78262], "texture": "#7"}
			}
		},
		{
			"from": [8, 0, -2],
			"to": [8.2, 1, 1],
			"rotation": {"angle": 22.5, "axis": "y", "origin": [8.1, 0.5, -0.5]},
			"faces": {
				"north": {"uv": [0, 0, 0.2, 3], "texture": "#3"},
				"east": {"uv": [0, 0, 0.2, 3], "texture": "#3"},
				"south": {"uv": [0, 0, 0.2, 3], "texture": "#3"},
				"west": {"uv": [0, 0, 0.2, 3], "texture": "#3"},
				"up": {"uv": [0, 0, 0.2, 3], "texture": "#3"},
				"down": {"uv": [0, 0, 0.2, 3], "texture": "#3"}
			}
		},
		{
			"from": [10, 0, -1],
			"to": [10.2, 1, 2],
			"rotation": {"angle": 22.5, "axis": "y", "origin": [8.1, 0.5, -0.5]},
			"faces": {
				"north": {"uv": [0, 0, 0.2, 3], "texture": "#3"},
				"east": {"uv": [0, 0, 0.2, 3], "texture": "#3"},
				"south": {"uv": [0, 0, 0.2, 3], "texture": "#3"},
				"west": {"uv": [0, 0, 0.2, 3], "texture": "#3"},
				"up": {"uv": [0, 0, 0.2, 3], "texture": "#3"},
				"down": {"uv": [0, 0, 0.2, 3], "texture": "#3"}
			}
		},
		{
			"from": [0, 0, 0],
			"to": [0.2, 1, 1],
			"faces": {
				"north": {"uv": [0, 0, 0.2, 1], "texture": "#3"},
				"east": {"uv": [0, 0, 0.2, 1], "texture": "#3"},
				"south": {"uv": [0, 0, 0.2, 1], "texture": "#3"},
				"west": {"uv": [0, 0, 0.2, 1], "texture": "#3"},
				"up": {"uv": [0, 0, 0.2, 1], "texture": "#3"},
				"down": {"uv": [0, 0, 0.2, 1], "texture": "#3"}
			}
		},
		{
			"from": [3, -0.35, 0.3],
			"to": [9, 1.25, 0.5],
			"faces": {
				"north": {"uv": [0, 0, 6, 0.2], "texture": "#5"},
				"east": {"uv": [0, 0, 6, 0.2], "texture": "#5"},
				"south": {"uv": [0, 0, 6, 0.2], "texture": "#5"},
				"west": {"uv": [0, 0, 6, 0.2], "texture": "#5"},
				"up": {"uv": [0, 0, 6, 0.2], "texture": "#5"},
				"down": {"uv": [0, 0, 6, 0.2], "texture": "#5"}
			}
		},
		{
			"from": [13, -0.35, 0],
			"to": [14, 1.25, 1],
			"rotation": {"angle": -45, "axis": "y", "origin": [13.5, 0.45, 0.5]},
			"faces": {
				"north": {"uv": [0, 0, 6, 0.2], "texture": "#6"},
				"east": {"uv": [0, 0, 6, 0.2], "texture": "#6"},
				"south": {"uv": [0, 0, 6, 0.2], "texture": "#6"},
				"west": {"uv": [0, 0, 6, 0.2], "texture": "#6"},
				"up": {"uv": [0, 0, 6, 0.2], "texture": "#6"},
				"down": {"uv": [0, 0, 6, 0.2], "texture": "#6"}
			}
		},
		{
			"from": [13, -0.35, 0],
			"to": [14, 0.25, 1],
			"rotation": {"angle": -45, "axis": "y", "origin": [13.5, 0.45, 0.5]},
			"faces": {
				"north": {"uv": [0, 0, 6, 0.2], "texture": "#6"},
				"east": {"uv": [0, 0, 6, 0.2], "texture": "#6"},
				"south": {"uv": [0, 0, 6, 0.2], "texture": "#6"},
				"west": {"uv": [0, 0, 6, 0.2], "texture": "#6"},
				"up": {"uv": [0, 0, 6, 0.2], "texture": "#6"},
				"down": {"uv": [0, 0, 6, 0.2], "texture": "#6"}
			}
		},
		{
			"from": [6.25, -0.001, 1],
			"to": [8.55, 0.999, 2.5],
			"faces": {
				"north": {"uv": [0, 0, 1, 1], "texture": "#6"},
				"east": {"uv": [0, 0, 1, 1], "texture": "#6"},
				"south": {"uv": [0, 0, 1, 1], "texture": "#6"},
				"west": {"uv": [0, 0, 1, 1], "texture": "#6"},
				"up": {"uv": [0, 0, 1, 1], "texture": "#6"},
				"down": {"uv": [0, 0, 1, 1], "texture": "#6"}
			}
		}
	],
	"display": {
		"thirdperson_righthand": {
			"rotation": [78.01, -5.72, 94.73],
			"translation": [-8, -5.75, -4]
		},
		"firstperson_righthand": {
			"rotation": [87.77, 8.83, 101.92],
			"translation": [-8, -4, -2.75]
		},
		"gui": {
			"rotation": [60.06, -32.19, -17.09],
			"translation": [-2.25, -3.25, 0]
		}
	}
}