{
	"credit": "Made with Blockbench",
	"textures": {
		"1": "theone:weapons/iron_gun",
		"2": "theone:universal/purple",
		"particle": "item/iron_ingot"
	},
	"elements": [
		{
			"from": [3, 0, 0],
			"to": [14, 1, 1],
			"faces": {
				"north": {"uv": [0, 1, 11, 2], "texture": "#1"},
				"east": {"uv": [0, 1, 11, 2], "texture": "#1"},
				"south": {"uv": [0, 1, 11, 2], "texture": "#1"},
				"west": {"uv": [0, 1, 11, 2], "texture": "#1"},
				"up": {"uv": [0, 1, 11, 2], "texture": "#1"},
				"down": {"uv": [0, 1, 11, 2], "texture": "#1"}
			}
		},
		{
			"from": [1, 0, 1],
			"to": [4, 1, 2],
			"rotation": {"angle": 45, "axis": "y", "origin": [2.5, 0.5, 1.5]},
			"faces": {
				"north": {"uv": [13, 1, 16, 2], "texture": "#1"},
				"east": {"uv": [13, 0, 16, 1], "texture": "#1"},
				"south": {"uv": [13, 5, 16, 6], "texture": "#1"},
				"west": {"uv": [13, 4, 16, 5], "texture": "#1"},
				"up": {"uv": [13, 2, 16, 3], "texture": "#1"},
				"down": {"uv": [13, 3, 16, 4], "texture": "#1"}
			}
		},
		{
			"from": [2, 0, 0],
			"to": [3, 1, 1],
			"faces": {
				"north": {"uv": [0, 0, 1, 1], "texture": "#2"},
				"east": {"uv": [0, 0, 1, 1], "texture": "#2"},
				"south": {"uv": [0, 0, 1, 1], "texture": "#2"},
				"west": {"uv": [0, 0, 1, 1], "texture": "#2"},
				"up": {"uv": [0, 0, 1, 1], "texture": "#2"},
				"down": {"uv": [0, 0, 1, 1], "texture": "#2"}
			}
		}
	],
	"display": {
		"thirdperson_righthand": {
			"rotation": [112.1, -4.2, -79.43],
			"translation": [7.75, -4.75, -4.25]
		},
		"thirdperson_lefthand": {
			"translation": [0, 6.25, 7.25]
		},
		"firstperson_righthand": {
			"rotation": [86.76, 1.78, -89.87],
			"translation": [4.75, -3.25, 0]
		},
		"firstperson_lefthand": {
			"rotation": [91.58, -3.39, 114.75],
			"translation": [-2.5, -1.75, -2.5]
		},
		"ground": {
			"rotation": [140.24, 65.76, 30.18],
			"translation": [4.25, -9.5, 0]
		},
		"gui": {
			"rotation": [46.12, 36.72, 29.92],
			"translation": [2.5, -3.25, 0],
			"scale": [2, 2, 2]
		}
	}
}