{
    "pools": [
        {
            "rolls": 1,
            "entries": [
                {
                    "type": "item",
                    "name": "minecraft:player_head",
                    "functions": [
                        {
                            "function": "minecraft:set_nbt",
                            "tag": "{id:\"dawn:dice_0\",SkullOwner:{Id:[I;715000112,1382764166,-1759763135,1395195770],Properties:{textures:[{Value:\"eyJ0ZXh0dXJlcyI6eyJTS0lOIjp7InVybCI6Imh0dHA6Ly90ZXh0dXJlcy5taW5lY3JhZnQubmV0L3RleHR1cmUvMWY4ODZkOWM0MGVmN2Y1MGMyMzg4MjQ3OTJjNDFmYmZiNTRmNjY1ZjE1OWJmMWJjYjBiMjdiM2VhZDM3M2IifX19\"}]}},display:{Name:'{\"text\":\"0\",\"italic\":false,\"color\":\"aque\"}'}}"
                        }
                    ]
                }
            ]
        }
    ]
}