{
    "pools": [
        {
            "rolls": 1,
            "entries": [
                {
                    "type": "item",
                    "name": "minecraft:player_head",
                    "functions": [
                        {
                            "function": "minecraft:set_nbt",
                            "tag": "{id:\"dawn:dice_1\",SkullOwner:{Id:[I;-153389688,892223604,-2035789992,-492263602],Properties:{textures:[{Value:\"eyJ0ZXh0dXJlcyI6eyJTS0lOIjp7InVybCI6Imh0dHA6Ly90ZXh0dXJlcy5taW5lY3JhZnQubmV0L3RleHR1cmUvYTBhMTllMjNkMjFmMmRiMDYzY2M1NWU5OWFlODc0ZGM4YjIzYmU3NzliZTM0ZTUyZTdjN2I5YTI1In19fQ==\"}]}},display:{Name:'{\"text\":\"0\",\"italic\":false,\"color\":\"aque\"}'}}"
                        }
                    ]
                }
            ]
        }
    ]
}