{
    "pools": [
        {
            "rolls": 1,
            "entries": [
                {
                    "type": "item",
                    "name": "minecraft:player_head",
                    "functions": [
                        {
                            "function": "minecraft:set_nbt",
                            "tag": "{id:\"dawn:dice_2\",SkullOwner:{Id:[I;-471304455,734151336,-1266659665,167831123],Properties:{textures:[{Value:\"eyJ0ZXh0dXJlcyI6eyJTS0lOIjp7InVybCI6Imh0dHA6Ly90ZXh0dXJlcy5taW5lY3JhZnQubmV0L3RleHR1cmUvY2M1OTZhNDFkYWVhNTFiZTJlOWZlYzdkZTJkODkwNjhlMmZhNjFjOWQ1N2E4YmRkZTQ0YjU1OTM3YjYwMzcifX19\"}]}},display:{Name:'{\"text\":\"2\",\"italic\":false,\"color\":\"aque\"}'}}"
                        }
                    ]
                }
            ]
        }
    ]
}