{
    "pools": [
        {
            "rolls": 1,
            "entries": [
                {
                    "type": "item",
                    "name": "minecraft:player_head",
                    "functions": [
                        {
                            "function": "minecraft:set_nbt",
                            "tag": "{id:\"dawn:dice_3\",SkullOwner:{Id:[I;-471304321,734151336,-1266659665,167831555],Properties:{textures:[{Value:\"eyJ0ZXh0dXJlcyI6eyJTS0lOIjp7InVybCI6Imh0dHA6Ly90ZXh0dXJlcy5taW5lY3JhZnQubmV0L3RleHR1cmUvYjg1ZDRmZGE1NmJmZWI4NTEyNDQ2MGZmNzJiMjUxZGNhOGQxZGViNjU3ODA3MGQ2MTJiMmQzYWRiZjVhOCJ9fX0=\"}]}},display:{Name:'{\"text\":\"3\",\"italic\":false,\"color\":\"aque\"}'}}"
                        }
                    ]
                }
            ]
        }
    ]
}