{
    "pools": [
        {
            "rolls": 1,
            "entries": [
                {
                    "type": "item",
                    "name": "minecraft:player_head",
                    "functions": [
                        {
                            "function": "minecraft:set_nbt",
                            "tag": "{id:\"dawn:dice_4\",SkullOwner:{Id:[I;-471304455,734151336,-1266659665,167831555],Properties:{textures:[{Value:\"eyJ0ZXh0dXJlcyI6eyJTS0lOIjp7InVybCI6Imh0dHA6Ly90ZXh0dXJlcy5taW5lY3JhZnQubmV0L3RleHR1cmUvMzg1MmEyNWZlNjljYTg2ZmI5ODJmYjNjYzdhYzk3OTNmNzM1NmI1MGI5MmNiMGUxOTNkNmI0NjMyYTliZDYyOSJ9fX0=\"}]}},display:{Name:'{\"text\":\"4\",\"italic\":false,\"color\":\"aque\"}'}}"
                        }
                    ]
                }
            ]
        }
    ]
}