{
    "pools": [
        {
            "rolls": 1,
            "entries": [
                {
                    "type": "item",
                    "name": "minecraft:player_head",
                    "functions": [
                        {
                            "function": "minecraft:set_nbt",
                            "tag": "{id:\"dawn:dice_5\",SkullOwner:{Id:[I;-471301155,734151336,-1266659665,167831555],Properties:{textures:[{Value:\"eyJ0ZXh0dXJlcyI6eyJTS0lOIjp7InVybCI6Imh0dHA6Ly90ZXh0dXJlcy5taW5lY3JhZnQubmV0L3RleHR1cmUvNzRlZTdkOTU0ZWIxNGE1Y2NkMzQ2MjY2MjMxYmY5YTY3MTY1MjdiNTliYmNkNzk1NmNlZjA0YTlkOWIifX19\"}]}},display:{Name:'{\"text\":\"5\",\"italic\":false,\"color\":\"aque\"}'}}"
                        }
                    ]
                }
            ]
        }
    ]
}