{
    "pools": [
        {
            "rolls": 1,
            "entries": [
                {
                    "type": "item",
                    "name": "minecraft:player_head",
                    "functions": [
                        {
                            "function": "minecraft:set_nbt",
                            "tag": "{id:\"dawn:dice_6\",SkullOwner:{Id:[I;-471304422,734151336,-1266659665,167831555],Properties:{textures:[{Value:\"eyJ0ZXh0dXJlcyI6eyJTS0lOIjp7InVybCI6Imh0dHA6Ly90ZXh0dXJlcy5taW5lY3JhZnQubmV0L3RleHR1cmUvMjY4MmEzYWU5NDgzNzRlMDM3ZTNkN2RkNjg3ZDU5ZDE4NWRkMmNjOGZjMDlkZmViNDJmOThmOGQyNTllNWMzIn19fQ==\"}]}},display:{Name:'{\"text\":\"6\",\"italic\":false,\"color\":\"aque\"}'}}"
                        }
                    ]
                }
            ]
        }
    ]
}