{
    "pools": [
        {
            "rolls": 1,
            "entries": [
                {
                    "type": "item",
                    "name": "minecraft:player_head",
                    "functions": [
                        {
                            "function": "minecraft:set_nbt",
                            "tag": "{id:\"dawn:dice_7\",SkullOwner:{Id:[I;-471304455,734151335,-1266659665,167831555],Properties:{textures:[{Value:\"eyJ0ZXh0dXJlcyI6eyJTS0lOIjp7InVybCI6Imh0dHA6Ly90ZXh0dXJlcy5taW5lY3JhZnQubmV0L3RleHR1cmUvNGVhMzBjMjRjNjBiM2JjMWFmNjU4ZWY2NjFiNzcxYzQ4ZDViOWM5ZTI4MTg4Y2Y5ZGU5ZjgzMjQyMmU1MTAifX19\"}]}},display:{Name:'{\"text\":\"7\",\"italic\":false,\"color\":\"aque\"}'}}"
                        }
                    ]
                }
            ]
        }
    ]
}