{
    "pools": [
        {
            "rolls": 1,
            "entries": [
                {
                    "type": "item",
                    "name": "minecraft:player_head",
                    "functions": [
                        {
                            "function": "minecraft:set_nbt",
                            "tag": "{id:\"dawn:dice_8\",SkullOwner:{Id:[I;-461304455,734151336,-1266659665,167831555],Properties:{textures:[{Value:\"eyJ0ZXh0dXJlcyI6eyJTS0lOIjp7InVybCI6Imh0dHA6Ly90ZXh0dXJlcy5taW5lY3JhZnQubmV0L3RleHR1cmUvNjZhYmFmZDAyM2YyMzBlNDQ4NWFhZjI2ZTE5MzY4ZjU5ODBkNGYxNGE1OWZjYzZkMTFhNDQ2Njk5NDg5MiJ9fX0=\"}]}},display:{Name:'{\"text\":\"8\",\"italic\":false,\"color\":\"aque\"}'}}"
                        }
                    ]
                }
            ]
        }
    ]
}