{
    "pools": [
        {
            "rolls": 1,
            "entries": [
                {
                    "type": "item",
                    "name": "minecraft:player_head",
                    "functions": [
                        {
                            "function": "minecraft:set_nbt",
                            "tag": "{id:\"dawn:dice_9\",SkullOwner:{Id:[I;-471304455,734112336,-1266659665,167831555],Properties:{textures:[{Value:\"eyJ0ZXh0dXJlcyI6eyJTS0lOIjp7InVybCI6Imh0dHA6Ly90ZXh0dXJlcy5taW5lY3JhZnQubmV0L3RleHR1cmUvOGQ3OTEwZTEwMzM0Zjg5MGE2MjU0ODNhYzBjODI0YjVlNGExYTRiMTVhOTU2MzI3YTNlM2FlNDU4ZDllYTQifX19\"}]}},display:{Name:'{\"text\":\"9\",\"italic\":false,\"color\":\"aque\"}'}}"
                        }
                    ]
                }
            ]
        }
    ]
}