{
    "pools": [
        {
            "rolls": 1,
            "entries": [
                {
                    "type": "item",
                    "name": "minecraft:iron_pickaxe",
                    "functions": [
                        {
                            "function": "minecraft:set_nbt",
                            "tag": "{id:\"dawn:iron_hammer\",HideFlags:2,display:{Name:'{\"text\":\"铁锤\",\"bold\":false,\"italic\":false,\"underlined\":false,\"strikethrough\":false,\"obfuscated\":false}'}}"
                        },
                        {
                            "function": "set_lore",
                            "lore": [
                                {
                                    "text": "",
                                    "bold": false,
                                    "italic": true,
                                    "underlined": false,
                                    "strikethrough": false,
                                    "obfuscated": false
                                },
                                {
                                    "text": "+0.8 攻击速度",
                                    "color": "blue",
                                    "bold": false,
                                    "italic": false,
                                    "underlined": false,
                                    "strikethrough": false,
                                    "obfuscated": false
                                },
                                {
                                    "text": "+9 攻击伤害",
                                    "color": "blue",
                                    "bold": false,
                                    "italic": false,
                                    "underlined": false,
                                    "strikethrough": false,
                                    "obfuscated": false
                                }
                            ]
                        },
                        {
                            "function": "minecraft:set_attributes",
                            "modifiers": [
                                {
                                    "name": "generic.attack_damage",
                                    "attribute": "generic.attack_damage",
                                    "operation": "addition",
                                    "amount": 9,
                                    "slot": "mainhand"
                                },
                                {
                                    "name": "generic.attack_speed",
                                    "attribute": "generic.attack_speed",
                                    "operation": "addition",
                                    "amount": -3.2,
                                    "slot": "mainhand"
                                }
                            ]
                        }
                    ]
                }
            ]
        }
    ]
}