{
    "pools": [
        {
            "rolls": 1,
            "entries": [
                {
                    "type": "item",
                    "name": "minecraft:book",
                    "functions": [
                        {
                            "function": "minecraft:set_nbt",
                            "tag": "{id:\"perk_curse_of_undying\",CustomModelData:12771006,Tags:[\"curse_of_undying\"],display:{Name:'{\"text\":\"[天赋] 不死诅咒\",\"italic\":false,\"color\":\"yellow\"}'}}"
                        },
                        {
                            "function": "set_lore",
                            "lore": [
                                {
                                    "text": "获得100%伤害减免",
                                    "bold": false,
                                    "italic": true,
                                    "underlined": false,
                                    "strikethrough": false,
                                    "obfuscated": false
                                }
                            ]
                        }
                    ]
                }
            ]
        }
    ]
}