{
    "pools": [
        {
            "rolls": 1,
            "entries": [
                {
                    "type": "item",
                    "name": "minecraft:book",
                    "functions": [
                        {
                            "function": "minecraft:set_nbt",
                            "tag": "{id:\"perk_extra_health\",CustomModelData:12771002,Tags:[\"extra_health\"],display:{Name:'{\"text\":\"[天赋] 额外生命值\",\"italic\":false,\"color\":\"yellow\"}'}}"
                        },
                        {
                            "function": "set_lore",
                            "lore": [
                                {
                                    "text": "增加50%生命值上限",
                                    "bold": false,
                                    "italic": true,
                                    "underlined": false,
                                    "strikethrough": false,
                                    "obfuscated": false
                                }
                            ]
                        }
                    ]
                }
            ]
        }
    ]
}