{
    "pools": [
        {
            "rolls": 1,
            "entries": [
                {
                    "type": "item",
                    "name": "minecraft:book",
                    "functions": [
                        {
                            "function": "minecraft:set_nbt",
                            "tag": "{id:\"perk_greed\",CustomModelData:12771004,Tags:[\"greed\"],display:{Name:'{\"text\":\"[天赋] 贪婪\",\"italic\":false,\"color\":\"yellow\"}'}}"
                        },
                        {
                            "function": "set_lore",
                            "lore": [
                                {
                                    "text": "敌人被你击杀时，掉落的黄金变成2倍",
                                    "bold": false,
                                    "italic": true,
                                    "underlined": false,
                                    "strikethrough": false,
                                    "obfuscated": false
                                }
                            ]
                        }
                    ]
                }
            ]
        }
    ]
}