{
	"credit": "cc",
	"texture_size": [192, 192],
	"textures": {
		"0": "theone:machines/wp_button_a"
		
	},
	"elements": [
		{
			"from": [0, 0, 0],
			"to": [16, 3, 16],
			"faces": {
				"north": {"uv": [0, 0, 1.33333, 0], "texture": "#0"},
				"east": {"uv": [0, 0, 1.33333, 0], "texture": "#0"},
				"south": {"uv": [0, 0, 1.33333, 0], "texture": "#0"},
				"west": {"uv": [0, 0, 1.33333, 0], "texture": "#0"},
				"up": {"uv": [0, 0, 16, 16], "texture": "#0"},
				"down": {"uv": [0, 0, 16, 16], "texture": "#0"}
			}
		}
	],
	"display": {
        
        "gui": {
			"rotation": [ 90, 0, 0 ],
            "scale": [ 1.15, 1.15, 1.15 ],
			"translation": [0,0, 80]
        }
		
    },
	"gui_light":"front"
}