{
	"credit": "Made with Blockbench",
	"texture_size": [162, 54],
	"textures": {
		"1": "theone:machines/wp_gui",
		"particle": "theone:block/texture"
	},
	"elements": [
		{
			"from": [0, -16, -3],
			"to": [0, 32, 16],
			"faces": {
				"north": {"uv": [0, 0, 16, 16], "rotation": 90, "texture": "#1"},
				"east": {"uv": [0, 0, 16, 16], "rotation": 270, "texture": "#1"},
				"south": {"uv": [0, 0, 16, 16], "rotation": 270, "texture": "#1"},
				"west": {"uv": [0, 0, 16, 16], "rotation": 270, "texture": "#1"},
				"up": {"uv": [0, 0, 16, 16], "rotation": 270, "texture": "#1"},
				"down": {"uv": [0, 0, 16, 16], "rotation": 270, "texture": "#1"}
			}
		}
	],
	"display": {
		"thirdperson_righthand": {
			"scale": [4, 4, 0]
		},
		"gui": {
			"rotation": [90, 0.25, -90],
			"translation": [-1, -5, 9.75],
			"scale": [0, 3.43164, 3.04492]
		}
	},
	"gui_light":"front"
}