{
    "type": "minecraft:entity",
    "pools": [
        {
            "rolls": 20,
            "bonus_rolls": 1,
            "conditions": [
                {
                    "condition": "minecraft:killed_by_player"
                }
            ],
            "entries": [
                {
                    "type": "minecraft:loot_table",
                    "name": "dawn:currencies/gold",
                    "weight": 1
                },
                {
                    "type": "minecraft:loot_table",
                    "name": "minecraft:empty",
                    "weight": 2
                }
            ]
        },
        {
            "rolls": 20,
            "bonus_rolls": 1,
            "conditions": [
                {
                    "condition": "minecraft:killed_by_player"
                },
                {
                    "condition": "minecraft:reference",
                    "name": "dawn:rune_bag/greed"
                }
            ],
            "entries": [
                {
                    "type": "minecraft:loot_table",
                    "name": "dawn:currencies/gold",
                    "weight": 1
                },
                {
                    "type": "minecraft:loot_table",
                    "name": "minecraft:empty",
                    "weight": 2
                }
            ]
        },
        {
            "rolls": 1,
            "entries": [
                {
                    "type": "minecraft:loot_table",
                    "name": "dawn:weapons/tide"
                }
            ]
        },
        {
            "rolls": 1,
            "bonus_rolls": 0,
            "entries": [
                {
                    "type": "minecraft:item",
                    "functions": [
                        {
                            "function": "minecraft:set_count",
                            "count": {
                                "type": "minecraft:uniform",
                                "min": 0,
                                "max": 2
                            },
                            "add": false
                        },
                        {
                            "function": "minecraft:looting_enchant",
                            "count": {
                                "type": "minecraft:uniform",
                                "min": 0,
                                "max": 1
                            }
                        }
                    ],
                    "name": "minecraft:prismarine_shard"
                }
            ]
        },
        {
            "rolls": 1,
            "bonus_rolls": 0,
            "entries": [
                {
                    "type": "minecraft:item",
                    "weight": 3,
                    "functions": [
                        {
                            "function": "minecraft:looting_enchant",
                            "count": {
                                "type": "minecraft:uniform",
                                "min": 0,
                                "max": 1
                            }
                        },
                        {
                            "function": "minecraft:furnace_smelt",
                            "conditions": [
                                {
                                    "condition": "minecraft:entity_properties",
                                    "predicate": {
                                        "flags": {
                                            "is_on_fire": true
                                        }
                                    },
                                    "entity": "this"
                                }
                            ]
                        }
                    ],
                    "name": "minecraft:cod"
                },
                {
                    "type": "minecraft:item",
                    "weight": 2,
                    "functions": [
                        {
                            "function": "minecraft:looting_enchant",
                            "count": {
                                "type": "minecraft:uniform",
                                "min": 0,
                                "max": 1
                            }
                        }
                    ],
                    "name": "minecraft:prismarine_crystals"
                },
                {
                    "type": "minecraft:empty"
                }
            ]
        },
        {
            "rolls": 1,
            "bonus_rolls": 0,
            "entries": [
                {
                    "type": "minecraft:item",
                    "name": "minecraft:wet_sponge"
                }
            ],
            "conditions": [
                {
                    "condition": "minecraft:killed_by_player"
                }
            ]
        },
        {
            "rolls": 1,
            "bonus_rolls": 0,
            "entries": [
                {
                    "type": "minecraft:loot_table",
                    "functions": [
                        {
                            "function": "minecraft:furnace_smelt",
                            "conditions": [
                                {
                                    "condition": "minecraft:entity_properties",
                                    "predicate": {
                                        "flags": {
                                            "is_on_fire": true
                                        }
                                    },
                                    "entity": "this"
                                }
                            ]
                        }
                    ],
                    "name": "minecraft:gameplay/fishing/fish"
                }
            ],
            "conditions": [
                {
                    "condition": "minecraft:killed_by_player"
                },
                {
                    "condition": "minecraft:random_chance_with_looting",
                    "chance": 0.025,
                    "looting_multiplier": 0.01
                }
            ]
        }
    ]
}