{
	"credit": "Made with Blockbench",
	"elements": [
		{
			"from": [0, 0, 0],
			"to": [1.3, 1, 1.3],
			"color": 6,
			"faces": {
				"north": {"uv": [0, 0, 1.3, 1], "texture": "#missing"},
				"east": {"uv": [0, 0, 1.3, 1], "texture": "#missing"},
				"south": {"uv": [0, 0, 1.3, 1], "texture": "#missing"},
				"west": {"uv": [0, 0, 1.3, 1], "texture": "#missing"},
				"up": {"uv": [0, 0, 1.3, 1.3], "texture": "#missing"},
				"down": {"uv": [0, 0, 1.3, 1.3], "texture": "#missing"}
			}
		},
		{
			"from": [1.2, 0, -0.5],
			"to": [2.7, 1, 0.5],
			"rotation": {"angle": -22.5, "axis": "y", "origin": [0, 0, 0]},
			"color": 7,
			"faces": {
				"north": {"uv": [0, 0, 1.5, 1], "texture": "#missing"},
				"east": {"uv": [0, 0, 1, 1], "texture": "#missing"},
				"south": {"uv": [0, 0, 1.5, 1], "texture": "#missing"},
				"west": {"uv": [0, 0, 1, 1], "texture": "#missing"},
				"up": {"uv": [0, 0, 1.5, 1], "texture": "#missing"},
				"down": {"uv": [0, 0, 1.5, 1], "texture": "#missing"}
			}
		},
		{
			"from": [-0.5, 0, 1.2],
			"to": [0.5, 1, 2.7],
			"rotation": {"angle": 22.5, "axis": "y", "origin": [0, 0, 0]},
			"color": 7,
			"faces": {
				"north": {"uv": [0, 0, 1, 1], "texture": "#missing"},
				"east": {"uv": [0, 0, 1.5, 1], "texture": "#missing"},
				"south": {"uv": [0, 0, 1, 1], "texture": "#missing"},
				"west": {"uv": [0, 0, 1.5, 1], "texture": "#missing"},
				"up": {"uv": [0, 0, 1, 1.5], "texture": "#missing"},
				"down": {"uv": [0, 0, 1, 1.5], "texture": "#missing"}
			}
		},
		{
			"from": [2.3, 0, -1.5],
			"to": [3.3, 1, -0.5],
			"rotation": {"angle": -45, "axis": "y", "origin": [0, 0, 0]},
			"color": 2,
			"faces": {
				"north": {"uv": [0, 0, 1, 1], "texture": "#missing"},
				"east": {"uv": [0, 0, 1, 1], "texture": "#missing"},
				"south": {"uv": [0, 0, 1, 1], "texture": "#missing"},
				"west": {"uv": [0, 0, 1, 1], "texture": "#missing"},
				"up": {"uv": [0, 0, 1, 1], "texture": "#missing"},
				"down": {"uv": [0, 0, 1, 1], "texture": "#missing"}
			}
		},
		{
			"from": [2.3, 0, 0.5],
			"to": [3.3, 1, 1.5],
			"rotation": {"angle": -45, "axis": "y", "origin": [0, 0, 0]},
			"color": 2,
			"faces": {
				"north": {"uv": [0, 0, 1, 1], "texture": "#missing"},
				"east": {"uv": [0, 0, 1, 1], "texture": "#missing"},
				"south": {"uv": [0, 0, 1, 1], "texture": "#missing"},
				"west": {"uv": [0, 0, 1, 1], "texture": "#missing"},
				"up": {"uv": [0, 0, 1, 1], "texture": "#missing"},
				"down": {"uv": [0, 0, 1, 1], "texture": "#missing"}
			}
		}
	]
}