{
    "pools": [
        {
            "rolls": 1,
            "entries": [
                {
                    "type": "item",
                    "name": "minecraft:netherite_ingot",
                    "functions": [
                        {
                            "function": "minecraft:set_nbt",
                            "tag": "{id:\"dawn:solid_soul\",display:{Name:'{\"text\":\"固化灵魂\",\"italic\":false}'},Enchantments:[{}]}"
                        },
                        {
                            "function": "set_lore",
                            "lore": [
                                {
                                    "text": "被囚禁于深渊的灵魂",
                                    "bold": false,
                                    "italic": true,
                                    "underlined": false,
                                    "strikethrough": false,
                                    "obfuscated": false
                                }
                            ]
                        }
                    ]
                }
            ]
        }
    ]
}