{
    "pools": [
        {
            "rolls": 1,
            "entries": [
                {
                    "type": "item",
                    "name": "minecraft:netherite_ingot",
                    "functions": [
                        {
                            "function": "minecraft:set_nbt",
                            "tag": "{id:\"dawn:soul_steel_ingot\",display:{Name:'{\"text\":\"魂钢锭\",\"italic\":false}'},Enchantments:[{}]}"
                        },
                        {
                            "function": "set_lore",
                            "lore": [
                                {
                                    "text": "表面温度始终为-184°C，源源不断的吸收着热量。",
                                    "bold": false,
                                    "italic": true,
                                    "underlined": false,
                                    "strikethrough": false,
                                    "obfuscated": false
                                }
                            ]
                        }
                    ]
                }
            ]
        }
    ]
}