{
    "pools": [
        {
            "rolls": 1,
            "entries": [
                {
                    "type": "item",
                    "name": "minecraft:netherite_sword",
                    "functions": [
                        {
                            "function": "minecraft:set_nbt",
                            "tag": "{id:\"dawn:soul_of_glory\",CustomModelData:12770018,HideFlags:2,display:{Name:'{\"text\":\"荣耀之魂\",\"italic\":false,\"color\":\"aque\"}'},Unbreakable:true,Enchantments:[{}]}"
                        },
                        {
                            "function": "set_lore",
                            "lore": [
                                {
                                    "text": "从刀中诞生的荣耀之魂",
                                    "bold": false,
                                    "italic": true,
                                    "underlined": false,
                                    "strikethrough": false,
                                    "obfuscated": false
                                },
                                {
                                    "text": "",
                                    "bold": false,
                                    "italic": true,
                                    "underlined": false,
                                    "strikethrough": false,
                                    "obfuscated": false
                                },
                                {
                                    "text": "合成高级武士刀的必要素材",
                                    "bold": false,
                                    "italic": true,
                                    "underlined": false,
                                    "strikethrough": false,
                                    "obfuscated": false,
                                    "color": "yellow"
                                }
                            ]
                        }
                    ]
                }
            ]
        }
    ]
}