{
    "pools": [
        {
            "rolls": 1,
            "entries": [
                {
                    "type": "item",
                    "name": "minecraft:player_head",
                    "functions": [
                        {
                            "function": "minecraft:set_nbt",
                            "tag": "{id:\"dawn:ubisoft_server\",HideFlags:2,SkullOwner:{Id:[I;1459113744,-1560205781,1802669692,-3071057],Properties:{textures:[{Value:\"eyJ0ZXh0dXJlcyI6eyJTS0lOIjp7InVybCI6Imh0dHA6Ly90ZXh0dXJlcy5taW5lY3JhZnQubmV0L3RleHR1cmUvOTJiMTcxMmI5MDdjZTZiMTQwMmVhYWMyOGVjMjRhNGQ5NTU2OGY0YWI4N2U1OTc5ODBjMTViMjJiYmJkN2E1In19fQ==\"}]}},display:{Name:'{\"text\":\"Ubisoft®服务器\",\"italic\":false,\"color\":\"aque\"}'}}"
                        },
                        {
                            "function": "minecraft:set_lore",
                            "lore": [
                                {
                                    "text": "不太稳定的服务器"
                                }
                            ]
                        },
                        {
                            "function": "minecraft:set_attributes",
                            "modifiers": [
                                {
                                    "name": "generic.attack_damage",
                                    "attribute": "generic.attack_damage",
                                    "operation": "multiply_total",
                                    "amount": -1,
                                    "slot": "mainhand"
                                }
                            ]
                        }
                    ]
                }
            ]
        }
    ]
}