{
	"credit": "Made with Blockbench",
	"texture_size": [200, 200],
	"textures": {
		"0": "theone:universal/purple",
		"2": "theone:universal/red",
		"3": "theone:universal/magic_gray",
		"particle": "theone:universal/purple"
	},
	"elements": [
		{
			"from": [9, 9, 1],
			"to": [23, 23, 31],
			"faces": {
				"north": {"uv": [0, 0, 2.4, 1.12], "texture": "#2"},
				"east": {"uv": [0, 0, 2.4, 1.12], "texture": "#2"},
				"south": {"uv": [0, 0, 2.4, 1.12], "texture": "#2"},
				"west": {"uv": [0, 0, 2.4, 1.12], "texture": "#2"},
				"up": {"uv": [0, 0, 2.4, 1.12], "texture": "#2"},
				"down": {"uv": [0, 0, 2.4, 1.12], "texture": "#2"}
			}
		},
		{
			"from": [1, 9, 9],
			"to": [31, 23, 23],
			"rotation": {"angle": 0, "axis": "y", "origin": [16, 16, 16]},
			"faces": {
				"north": {"uv": [0, 0, 2.4, 1.12], "texture": "#2"},
				"east": {"uv": [0, 0, 2.4, 1.12], "texture": "#2"},
				"south": {"uv": [0, 0, 2.4, 1.12], "texture": "#2"},
				"west": {"uv": [0, 0, 2.4, 1.12], "texture": "#2"},
				"up": {"uv": [0, 0, 2.4, 1.12], "rotation": 90, "texture": "#2"},
				"down": {"uv": [0, 0, 2.4, 1.12], "rotation": 270, "texture": "#2"}
			}
		},
		{
			"from": [9, 1, 9],
			"to": [23, 31, 23],
			"rotation": {"angle": 0, "axis": "z", "origin": [16, 16, 16]},
			"faces": {
				"north": {"uv": [0, 0, 2.4, 1.12], "rotation": 270, "texture": "#2"},
				"east": {"uv": [0, 0, 2.4, 1.12], "rotation": 180, "texture": "#2"},
				"south": {"uv": [0, 0, 2.4, 1.12], "rotation": 90, "texture": "#2"},
				"west": {"uv": [0, 0, 2.4, 1.12], "texture": "#2"},
				"up": {"uv": [0, 0, 2.4, 1.12], "rotation": 90, "texture": "#2"},
				"down": {"uv": [0, 0, 2.4, 1.12], "rotation": 90, "texture": "#2"}
			}
		},
		{
			"from": [0, 0, 0],
			"to": [32, 1, 1],
			"faces": {
				"north": {"uv": [0, 0, 2.56, 0.08], "texture": "#0"},
				"east": {"uv": [0, 0, 2.56, 0.08], "texture": "#0"},
				"south": {"uv": [0, 0, 2.56, 0.08], "texture": "#0"},
				"west": {"uv": [0, 0, 2.56, 0.08], "texture": "#0"},
				"up": {"uv": [0, 0, 2.56, 0.08], "texture": "#0"},
				"down": {"uv": [0, 0, 2.56, 0.08], "texture": "#0"}
			}
		},
		{
			"from": [0, 0, 31],
			"to": [32, 1, 32],
			"faces": {
				"north": {"uv": [0, 0, 2.56, 0.08], "texture": "#0"},
				"east": {"uv": [0, 0, 2.56, 0.08], "texture": "#0"},
				"south": {"uv": [0, 0, 2.56, 0.08], "texture": "#0"},
				"west": {"uv": [0, 0, 2.56, 0.08], "texture": "#0"},
				"up": {"uv": [0, 0, 2.56, 0.08], "texture": "#0"},
				"down": {"uv": [0, 0, 2.56, 0.08], "texture": "#0"}
			}
		},
		{
			"from": [0, 31, 31],
			"to": [32, 32, 32],
			"faces": {
				"north": {"uv": [0, 0, 2.56, 0.08], "texture": "#0"},
				"east": {"uv": [0, 0, 2.56, 0.08], "texture": "#0"},
				"south": {"uv": [0, 0, 2.56, 0.08], "texture": "#0"},
				"west": {"uv": [0, 0, 2.56, 0.08], "texture": "#0"},
				"up": {"uv": [0, 0, 2.56, 0.08], "texture": "#0"},
				"down": {"uv": [0, 0, 2.56, 0.08], "texture": "#0"}
			}
		},
		{
			"from": [0, 31, 0],
			"to": [32, 32, 1],
			"faces": {
				"north": {"uv": [0, 0, 2.56, 0.08], "texture": "#0"},
				"east": {"uv": [0, 0, 2.56, 0.08], "texture": "#0"},
				"south": {"uv": [0, 0, 2.56, 0.08], "texture": "#0"},
				"west": {"uv": [0, 0, 2.56, 0.08], "texture": "#0"},
				"up": {"uv": [0, 0, 2.56, 0.08], "texture": "#0"},
				"down": {"uv": [0, 0, 2.56, 0.08], "texture": "#0"}
			}
		},
		{
			"from": [31, 0, 0],
			"to": [32, 32, 1],
			"rotation": {"angle": 0, "axis": "z", "origin": [6.10051, 14.52944, 0.5]},
			"faces": {
				"north": {"uv": [0, 0, 2.56, 0.08], "rotation": 270, "texture": "#0"},
				"east": {"uv": [0, 0, 2.56, 0.08], "rotation": 90, "texture": "#0"},
				"south": {"uv": [0, 0, 2.56, 0.08], "rotation": 90, "texture": "#0"},
				"west": {"uv": [0, 0, 2.56, 0.08], "rotation": 90, "texture": "#0"},
				"up": {"uv": [0, 0, 2.56, 0.08], "rotation": 90, "texture": "#0"},
				"down": {"uv": [0, 0, 2.56, 0.08], "rotation": 90, "texture": "#0"}
			}
		},
		{
			"from": [0, 0, 31],
			"to": [1, 32, 32],
			"rotation": {"angle": 0, "axis": "y", "origin": [6.10051, 14.52944, 0.5]},
			"faces": {
				"north": {"uv": [0, 0, 2.56, 0.08], "rotation": 270, "texture": "#0"},
				"east": {"uv": [0, 0, 2.56, 0.08], "rotation": 90, "texture": "#0"},
				"south": {"uv": [0, 0, 2.56, 0.08], "rotation": 90, "texture": "#0"},
				"west": {"uv": [0, 0, 2.56, 0.08], "rotation": 90, "texture": "#0"},
				"up": {"uv": [0, 0, 2.56, 0.08], "rotation": 90, "texture": "#0"},
				"down": {"uv": [0, 0, 2.56, 0.08], "rotation": 90, "texture": "#0"}
			}
		},
		{
			"from": [0, 0, 0],
			"to": [1, 32, 1],
			"rotation": {"angle": 0, "axis": "y", "origin": [6.10051, 14.52944, 0.5]},
			"faces": {
				"north": {"uv": [0, 0, 2.56, 0.08], "rotation": 270, "texture": "#0"},
				"east": {"uv": [0, 0, 2.56, 0.08], "rotation": 90, "texture": "#0"},
				"south": {"uv": [0, 0, 2.56, 0.08], "rotation": 90, "texture": "#0"},
				"west": {"uv": [0, 0, 2.56, 0.08], "rotation": 90, "texture": "#0"},
				"up": {"uv": [0, 0, 2.56, 0.08], "rotation": 90, "texture": "#0"},
				"down": {"uv": [0, 0, 2.56, 0.08], "rotation": 90, "texture": "#0"}
			}
		},
		{
			"from": [31, 0, 31],
			"to": [32, 32, 32],
			"rotation": {"angle": 0, "axis": "y", "origin": [6.10051, 14.52944, 0.5]},
			"faces": {
				"north": {"uv": [0, 0, 2.56, 0.08], "rotation": 270, "texture": "#0"},
				"east": {"uv": [0, 0, 2.56, 0.08], "rotation": 90, "texture": "#0"},
				"south": {"uv": [0, 0, 2.56, 0.08], "rotation": 90, "texture": "#0"},
				"west": {"uv": [0, 0, 2.56, 0.08], "rotation": 90, "texture": "#0"},
				"up": {"uv": [0, 0, 2.56, 0.08], "rotation": 90, "texture": "#0"},
				"down": {"uv": [0, 0, 2.56, 0.08], "rotation": 90, "texture": "#0"}
			}
		},
		{
			"from": [0, 0, 0],
			"to": [1, 1, 32],
			"faces": {
				"north": {"uv": [0, 0, 2.56, 0.08], "texture": "#0"},
				"east": {"uv": [0, 0, 2.56, 0.08], "texture": "#0"},
				"south": {"uv": [0, 0, 2.56, 0.08], "texture": "#0"},
				"west": {"uv": [0, 0, 2.56, 0.08], "texture": "#0"},
				"up": {"uv": [0, 0, 2.56, 0.08], "rotation": 90, "texture": "#0"},
				"down": {"uv": [0, 0, 2.56, 0.08], "rotation": 270, "texture": "#0"}
			}
		},
		{
			"from": [0, 31, 0],
			"to": [1, 32, 32],
			"faces": {
				"north": {"uv": [0, 0, 2.56, 0.08], "texture": "#0"},
				"east": {"uv": [0, 0, 2.56, 0.08], "texture": "#0"},
				"south": {"uv": [0, 0, 2.56, 0.08], "texture": "#0"},
				"west": {"uv": [0, 0, 2.56, 0.08], "texture": "#0"},
				"up": {"uv": [0, 0, 2.56, 0.08], "rotation": 90, "texture": "#0"},
				"down": {"uv": [0, 0, 2.56, 0.08], "rotation": 270, "texture": "#0"}
			}
		},
		{
			"from": [31, 31, 0],
			"to": [32, 32, 32],
			"faces": {
				"north": {"uv": [0, 0, 2.56, 0.08], "texture": "#0"},
				"east": {"uv": [0, 0, 2.56, 0.08], "texture": "#0"},
				"south": {"uv": [0, 0, 2.56, 0.08], "texture": "#0"},
				"west": {"uv": [0, 0, 2.56, 0.08], "texture": "#0"},
				"up": {"uv": [0, 0, 2.56, 0.08], "rotation": 90, "texture": "#0"},
				"down": {"uv": [0, 0, 2.56, 0.08], "rotation": 270, "texture": "#0"}
			}
		},
		{
			"from": [31, 0, 0],
			"to": [32, 1, 32],
			"faces": {
				"north": {"uv": [0, 0, 2.56, 0.08], "texture": "#0"},
				"east": {"uv": [0, 0, 2.56, 0.08], "texture": "#0"},
				"south": {"uv": [0, 0, 2.56, 0.08], "texture": "#0"},
				"west": {"uv": [0, 0, 2.56, 0.08], "texture": "#0"},
				"up": {"uv": [0, 0, 2.56, 0.08], "rotation": 90, "texture": "#0"},
				"down": {"uv": [0, 0, 2.56, 0.08], "rotation": 270, "texture": "#0"}
			}
		},
		{
			"from": [4, 4, 27],
			"to": [28, 5, 28],
			"faces": {
				"north": {"uv": [0, 0, 2.56, 0.08], "texture": "#0"},
				"east": {"uv": [0, 0, 2.56, 0.08], "texture": "#0"},
				"south": {"uv": [0, 0, 2.56, 0.08], "texture": "#0"},
				"west": {"uv": [0, 0, 2.56, 0.08], "texture": "#0"},
				"up": {"uv": [0, 0, 2.56, 0.08], "texture": "#0"},
				"down": {"uv": [0, 0, 2.56, 0.08], "texture": "#0"}
			}
		},
		{
			"from": [27, 4, 27],
			"to": [28, 28, 28],
			"rotation": {"angle": 0, "axis": "x", "origin": [27.5, 15.5, 16]},
			"faces": {
				"north": {"uv": [0, 0, 2.56, 0.08], "rotation": 270, "texture": "#0"},
				"east": {"uv": [0, 0, 2.56, 0.08], "rotation": 270, "texture": "#0"},
				"south": {"uv": [0, 0, 2.56, 0.08], "rotation": 270, "texture": "#0"},
				"west": {"uv": [0, 0, 2.56, 0.08], "rotation": 90, "texture": "#0"},
				"up": {"uv": [0, 0, 2.56, 0.08], "rotation": 180, "texture": "#0"},
				"down": {"uv": [0, 0, 2.56, 0.08], "texture": "#0"}
			}
		},
		{
			"from": [27, 27, 4],
			"to": [28, 28, 28],
			"rotation": {"angle": 0, "axis": "y", "origin": [11.75736, 28.5, 18.60051]},
			"faces": {
				"north": {"uv": [0, 0, 2.56, 0.08], "texture": "#0"},
				"east": {"uv": [0, 0, 2.56, 0.08], "texture": "#0"},
				"south": {"uv": [0, 0, 2.56, 0.08], "texture": "#0"},
				"west": {"uv": [0, 0, 2.56, 0.08], "texture": "#0"},
				"up": {"uv": [0, 0, 2.56, 0.08], "rotation": 270, "texture": "#0"},
				"down": {"uv": [0, 0, 2.56, 0.08], "rotation": 90, "texture": "#0"}
			}
		},
		{
			"from": [27, 4, 4],
			"to": [28, 28, 5],
			"rotation": {"angle": 0, "axis": "y", "origin": [27.5, 15.5, 16]},
			"faces": {
				"north": {"uv": [0, 0, 2.56, 0.08], "rotation": 270, "texture": "#0"},
				"east": {"uv": [0, 0, 2.56, 0.08], "rotation": 270, "texture": "#0"},
				"south": {"uv": [0, 0, 2.56, 0.08], "rotation": 270, "texture": "#0"},
				"west": {"uv": [0, 0, 2.56, 0.08], "rotation": 90, "texture": "#0"},
				"up": {"uv": [0, 0, 2.56, 0.08], "rotation": 180, "texture": "#0"},
				"down": {"uv": [0, 0, 2.56, 0.08], "texture": "#0"}
			}
		},
		{
			"from": [27, 4, 4],
			"to": [28, 5, 28],
			"rotation": {"angle": 0, "axis": "x", "origin": [27.5, 15.5, 16]},
			"faces": {
				"north": {"uv": [0, 0, 2.56, 0.08], "texture": "#0"},
				"east": {"uv": [0, 0, 2.56, 0.08], "texture": "#0"},
				"south": {"uv": [0, 0, 2.56, 0.08], "texture": "#0"},
				"west": {"uv": [0, 0, 2.56, 0.08], "texture": "#0"},
				"up": {"uv": [0, 0, 2.56, 0.08], "rotation": 270, "texture": "#0"},
				"down": {"uv": [0, 0, 2.56, 0.08], "rotation": 90, "texture": "#0"}
			}
		},
		{
			"from": [4, 4, 4],
			"to": [5, 5, 28],
			"rotation": {"angle": 0, "axis": "y", "origin": [27.5, 15.5, 16]},
			"faces": {
				"north": {"uv": [0, 0, 2.56, 0.08], "texture": "#0"},
				"east": {"uv": [0, 0, 2.56, 0.08], "texture": "#0"},
				"south": {"uv": [0, 0, 2.56, 0.08], "texture": "#0"},
				"west": {"uv": [0, 0, 2.56, 0.08], "texture": "#0"},
				"up": {"uv": [0, 0, 2.56, 0.08], "rotation": 270, "texture": "#0"},
				"down": {"uv": [0, 0, 2.56, 0.08], "rotation": 90, "texture": "#0"}
			}
		},
		{
			"from": [4, 4, 4],
			"to": [5, 28, 5],
			"rotation": {"angle": 0, "axis": "y", "origin": [27.5, 15.5, 16]},
			"faces": {
				"north": {"uv": [0, 0, 2.56, 0.08], "rotation": 270, "texture": "#0"},
				"east": {"uv": [0, 0, 2.56, 0.08], "rotation": 270, "texture": "#0"},
				"south": {"uv": [0, 0, 2.56, 0.08], "rotation": 270, "texture": "#0"},
				"west": {"uv": [0, 0, 2.56, 0.08], "rotation": 90, "texture": "#0"},
				"up": {"uv": [0, 0, 2.56, 0.08], "rotation": 180, "texture": "#0"},
				"down": {"uv": [0, 0, 2.56, 0.08], "texture": "#0"}
			}
		},
		{
			"from": [4, 27, 4],
			"to": [5, 28, 28],
			"rotation": {"angle": 0, "axis": "y", "origin": [11.75736, 28.5, 18.60051]},
			"faces": {
				"north": {"uv": [0, 0, 2.56, 0.08], "texture": "#0"},
				"east": {"uv": [0, 0, 2.56, 0.08], "texture": "#0"},
				"south": {"uv": [0, 0, 2.56, 0.08], "texture": "#0"},
				"west": {"uv": [0, 0, 2.56, 0.08], "texture": "#0"},
				"up": {"uv": [0, 0, 2.56, 0.08], "rotation": 270, "texture": "#0"},
				"down": {"uv": [0, 0, 2.56, 0.08], "rotation": 90, "texture": "#0"}
			}
		},
		{
			"from": [4, 27, 27],
			"to": [28, 28, 28],
			"faces": {
				"north": {"uv": [0, 0, 2.56, 0.08], "texture": "#0"},
				"east": {"uv": [0, 0, 2.56, 0.08], "texture": "#0"},
				"south": {"uv": [0, 0, 2.56, 0.08], "texture": "#0"},
				"west": {"uv": [0, 0, 2.56, 0.08], "texture": "#0"},
				"up": {"uv": [0, 0, 2.56, 0.08], "texture": "#0"},
				"down": {"uv": [0, 0, 2.56, 0.08], "texture": "#0"}
			}
		},
		{
			"from": [4, 4, 27],
			"to": [5, 28, 28],
			"rotation": {"angle": 0, "axis": "y", "origin": [27.5, 15.5, 16]},
			"faces": {
				"north": {"uv": [0, 0, 2.56, 0.08], "rotation": 270, "texture": "#0"},
				"east": {"uv": [0, 0, 2.56, 0.08], "rotation": 270, "texture": "#0"},
				"south": {"uv": [0, 0, 2.56, 0.08], "rotation": 270, "texture": "#0"},
				"west": {"uv": [0, 0, 2.56, 0.08], "rotation": 90, "texture": "#0"},
				"up": {"uv": [0, 0, 2.56, 0.08], "rotation": 180, "texture": "#0"},
				"down": {"uv": [0, 0, 2.56, 0.08], "texture": "#0"}
			}
		},
		{
			"from": [4, 4, 4],
			"to": [28, 5, 5],
			"faces": {
				"north": {"uv": [0, 0, 2.56, 0.08], "texture": "#0"},
				"east": {"uv": [0, 0, 2.56, 0.08], "texture": "#0"},
				"south": {"uv": [0, 0, 2.56, 0.08], "texture": "#0"},
				"west": {"uv": [0, 0, 2.56, 0.08], "texture": "#0"},
				"up": {"uv": [0, 0, 2.56, 0.08], "texture": "#0"},
				"down": {"uv": [0, 0, 2.56, 0.08], "texture": "#0"}
			}
		},
		{
			"from": [4, 27, 4],
			"to": [28, 28, 5],
			"faces": {
				"north": {"uv": [0, 0, 2.56, 0.08], "texture": "#0"},
				"east": {"uv": [0, 0, 2.56, 0.08], "texture": "#0"},
				"south": {"uv": [0, 0, 2.56, 0.08], "texture": "#0"},
				"west": {"uv": [0, 0, 2.56, 0.08], "texture": "#0"},
				"up": {"uv": [0, 0, 2.56, 0.08], "texture": "#0"},
				"down": {"uv": [0, 0, 2.56, 0.08], "texture": "#0"}
			}
		},
		{
			"from": [0, 0, 11],
			"to": [32, 32, 11],
			"rotation": {"angle": 45, "axis": "x", "origin": [15.5, 10.5, 13]},
			"faces": {
				"north": {"uv": [0, 0, 16, 16], "texture": "#3"},
				"east": {"uv": [0, 0, 16, 16], "texture": "#3"},
				"south": {"uv": [0, 0, 16, 16], "texture": "#3"},
				"west": {"uv": [0, 0, 16, 16], "texture": "#3"},
				"up": {"uv": [0, 0, 16, 16], "texture": "#3"},
				"down": {"uv": [0, 0, 16, 16], "texture": "#3"}
			}
		},
		{
			"from": [0, -0.1967, 15.47487],
			"to": [32, 31.8033, 15.47487],
			"rotation": {"angle": -45, "axis": "x", "origin": [16, 15.8033, 15.47487]},
			"faces": {
				"north": {"uv": [0, 0, 16, 16], "texture": "#3"},
				"east": {"uv": [0, 0, 16, 16], "texture": "#3"},
				"south": {"uv": [0, 0, 16, 16], "texture": "#3"},
				"west": {"uv": [0, 0, 16, 16], "texture": "#3"},
				"up": {"uv": [0, 0, 16, 16], "texture": "#3"},
				"down": {"uv": [0, 0, 16, 16], "texture": "#3"}
			}
		},
		{
			"from": [19.5, 0, -0.5],
			"to": [19.5, 32, 31.5],
			"rotation": {"angle": 45, "axis": "z", "origin": [15.5, 10.5, 13]},
			"faces": {
				"north": {"uv": [0, 0, 16, 16], "texture": "#3"},
				"east": {"uv": [0, 0, 16, 16], "texture": "#3"},
				"south": {"uv": [0, 0, 16, 16], "texture": "#3"},
				"west": {"uv": [0, 0, 16, 16], "texture": "#3"},
				"up": {"uv": [0, 0, 16, 16], "rotation": 90, "texture": "#3"},
				"down": {"uv": [0, 0, 16, 16], "rotation": 270, "texture": "#3"}
			}
		},
		{
			"from": [14.43934, 0, -0.5],
			"to": [14.43934, 32, 31.5],
			"rotation": {"angle": -45, "axis": "z", "origin": [14.43934, 17.21751, 15.5]},
			"faces": {
				"north": {"uv": [0, 0, 16, 16], "texture": "#3"},
				"east": {"uv": [0, 0, 16, 16], "texture": "#3"},
				"south": {"uv": [0, 0, 16, 16], "texture": "#3"},
				"west": {"uv": [0, 0, 16, 16], "texture": "#3"},
				"up": {"uv": [0, 0, 16, 16], "rotation": 90, "texture": "#3"},
				"down": {"uv": [0, 0, 16, 16], "rotation": 270, "texture": "#3"}
			}
		},
		{
			"from": [-0.56245, -0.5, 15.5],
			"to": [31.43755, 31.5, 15.5],
			"rotation": {"angle": -45, "axis": "y", "origin": [15.43755, 21.5, 15.5]},
			"faces": {
				"north": {"uv": [0, 0, 16, 16], "rotation": 90, "texture": "#3"},
				"east": {"uv": [0, 0, 16, 16], "rotation": 270, "texture": "#3"},
				"south": {"uv": [0, 0, 16, 16], "rotation": 270, "texture": "#3"},
				"west": {"uv": [0, 0, 16, 16], "rotation": 270, "texture": "#3"},
				"up": {"uv": [0, 0, 16, 16], "rotation": 270, "texture": "#3"},
				"down": {"uv": [0, 0, 16, 16], "rotation": 270, "texture": "#3"}
			}
		}
	],
	"display": {
		"thirdperson_righthand": {
			"rotation": [48.46, -17.43, -49.27],
			"translation": [-13.25, 59, 1]
		},
		"firstperson_righthand": {
			"translation": [0, -4, -36.5]
		},
		"firstperson_lefthand": {
			"translation": [16, -6, -22.75]
		},
		"ground": {
			"translation": [-13, 5.5, -8.5]
		},
		"gui": {
			"rotation": [19.07, -25.65, 3.78],
			"translation": [-4.25, -6.75, 0]
		},
		"head": {
			"translation": [-16.25, -17.25, -13.5],
			"scale": [2, 2, 2]
		}
	},
	"groups": [
		{
			"name": "group",
			"origin": [27.5, 15.5, 16],
			"color": 0,
			"children": [0, 1, 2]
		},
		{
			"name": "a",
			"origin": [0, 0, 0],
			"color": 0,
			"children": [3, 4, 5, 6, 7, 8, 9, 10, 11, 12, 13, 14]
		},
		{
			"name": "group",
			"origin": [0, 0, 0],
			"color": 0,
			"children": [15, 16, 17, 18, 19, 20, 21, 22, 23, 24, 25, 26]
		},
		27,
		28,
		29,
		30,
		31
	]
}