{
	"credit": "trinket_box",
	"texture_size": [64, 64],
	"textures": {
		"2": "theone:universal/empty",
		"4": "theone:universal/dark_blue",
		"6": "theone:universal/magic_blue",
		"7": "theone:universal/pure_blue",
		"particle": "theone:universal/purple"
	},
	"elements": [
		{
			"from": [0, 0, 0],
			"to": [16, 7, 16],
			"faces": {
				"north": {"uv": [1.75, 2.75, 5.75, 6.75], "texture": "#4"},
				"east": {"uv": [1.75, 2.75, 5.75, 6.75], "texture": "#4"},
				"south": {"uv": [1.75, 2.75, 5.75, 6.75], "texture": "#4"},
				"west": {"uv": [1.75, 2.75, 5.75, 6.75], "texture": "#4"},
				"up": {"uv": [1.75, 2.75, 5.75, 6.75], "texture": "#4"},
				"down": {"uv": [1.75, 2.75, 5.75, 6.75], "texture": "#4"}
			}
		},
		{
			"from": [3, -4, 3],
			"to": [13, 11, 13],
			"faces": {
				"north": {"uv": [6.5, 4.25, 9, 6.75], "texture": "#2"},
				"east": {"uv": [10.75, 0, 13.25, 2.5], "texture": "#2"},
				"south": {"uv": [6.5, 0, 9, 2.5], "texture": "#2"},
				"west": {"uv": [2.25, 0, 4.75, 2.5], "texture": "#2"},
				"up": {"uv": [0.87833, 0.79167, 15.155, 15.248], "texture": "#6"},
				"down": {"uv": [0.832, 0.725, 15.20133, 15.135], "texture": "#6"}
			}
		},
		{
			"from": [2, -2, 2],
			"to": [3, 10, 3],
			"faces": {
				"north": {"uv": [0, 0, 0.25, 3], "texture": "#4"},
				"east": {"uv": [0, 0, 0.25, 3], "texture": "#4"},
				"south": {"uv": [0, 0, 0.25, 3], "texture": "#4"},
				"west": {"uv": [0, 0, 0.25, 3], "texture": "#4"},
				"up": {"uv": [0, 0, 0.25, 3], "texture": "#4"},
				"down": {"uv": [0, 0, 0.25, 3], "texture": "#4"}
			}
		},
		{
			"from": [2, -2, 13],
			"to": [3, 10, 14],
			"faces": {
				"north": {"uv": [0, 0, 0.25, 3], "texture": "#4"},
				"east": {"uv": [0, 0, 0.25, 3], "texture": "#4"},
				"south": {"uv": [0, 0, 0.25, 3], "texture": "#4"},
				"west": {"uv": [0, 0, 0.25, 3], "texture": "#4"},
				"up": {"uv": [0, 0, 0.25, 3], "texture": "#4"},
				"down": {"uv": [0, 0, 0.25, 3], "texture": "#4"}
			}
		},
		{
			"from": [13, -2, 13],
			"to": [14, 10, 14],
			"faces": {
				"north": {"uv": [0, 0, 0.25, 3], "texture": "#4"},
				"east": {"uv": [0, 0, 0.25, 3], "texture": "#4"},
				"south": {"uv": [0, 0, 0.25, 3], "texture": "#4"},
				"west": {"uv": [0, 0, 0.25, 3], "texture": "#4"},
				"up": {"uv": [0, 0, 0.25, 3], "texture": "#4"},
				"down": {"uv": [0, 0, 0.25, 3], "texture": "#4"}
			}
		},
		{
			"from": [13, -2, 2],
			"to": [14, 10, 3],
			"faces": {
				"north": {"uv": [0, 0, 0.25, 3], "texture": "#4"},
				"east": {"uv": [0, 0, 0.25, 3], "texture": "#4"},
				"south": {"uv": [0, 0, 0.25, 3], "texture": "#4"},
				"west": {"uv": [0, 0, 0.25, 3], "texture": "#4"},
				"up": {"uv": [0, 0, 0.25, 3], "texture": "#4"},
				"down": {"uv": [0, 0, 0.25, 3], "texture": "#4"}
			}
		},
		{
			"from": [0, 9, 0],
			"to": [16, 10, 16],
			"faces": {
				"north": {"uv": [0, 0, 4, 4], "texture": "#7"},
				"east": {"uv": [0, 0, 4, 4], "texture": "#7"},
				"south": {"uv": [0, 0, 4, 4], "texture": "#7"},
				"west": {"uv": [0, 0, 4, 4], "texture": "#7"},
				"up": {"uv": [0, 0, 4, 4], "texture": "#7"},
				"down": {"uv": [0, 0, 4, 4], "texture": "#7"}
			}
		},
		{
			"from": [0, -2, 0],
			"to": [16, -1, 16],
			"faces": {
				"north": {"uv": [0, 0, 4, 4], "texture": "#7"},
				"east": {"uv": [0, 0, 4, 4], "texture": "#7"},
				"south": {"uv": [0, 0, 4, 4], "texture": "#7"},
				"west": {"uv": [0, 0, 4, 4], "texture": "#7"},
				"up": {"uv": [0, 0, 4, 4], "texture": "#7"},
				"down": {"uv": [0, 0, 4, 4], "texture": "#7"}
			}
		}
	],
	"display": {
		"gui": {
			"rotation": [23.25, -30, 0],
			"translation": [0, -0.25, 0]
		}
	}
}