{
    "pools": [
        {
            "rolls": 1,
            "entries": [
                {
                    "type": "item",
                    "name": "minecraft:diamond_sword",
                    "functions": [
                        {
                            "function": "minecraft:set_nbt",
                            "tag": "{id:\"dawn:resurrected_flesh_hand\",Unbreakable:true,CustomModelData:12660002}"
                        }
                    ]
                }
            ]
        }
    ]
}