{
    "pools": [
        {
            "rolls": 1,
            "entries": [
                {
                    "type": "item",
                    "name": "minecraft:husk_spawn_egg",
                    "functions": [
                        {
                            "function": "minecraft:set_nbt",
                            "tag": "{id:\"dawn:resurrected_flesh_spawn_egg\",display:{Name:'{\"text\":\"生成 复生的血肉\",\"italic\":false}'},EntityTag:{id:\"minecraft:husk\",Attributes:[{Name:\"generic.max_health\",Base:1024}],Health:1024f,HandItems:[{id:\"minecraft:diamond_sword\",tag:{id:\"dawn:resurrected_body_hand\",Unbreakable:true,CustomModelData:12660002},Count:1b},{}],ArmorItems:[{},{},{},{id:\"minecraft:diamond_sword\",tag:{id:\"dawn:resurrected_body\",Unbreakable:true,CustomModelData:12660001},Count:1b}],HandDropChances:[-1f,-1f],ArmorDropChances:[-1f,-1f,-1f,-1f],Glowing:true,ActiveEffects:[{Amplifier:0,Id:14b,ShowParticles:false,Duration:99999},{Amplifier:2,Id:8b,ShowParticles:false,Duration:99999}],CanBreakDoors:true,IsBaby:false,Tags:[\"boss\",\"resurrected_flesh\"],NoAI:false,CustomNameVisible:true,CustomName:\"[{\\\"text\\\":\\\"复生的血肉\\\",\\\"italic\\\":false,\\\"bold\\\":true,\\\"color\\\":\\\"red\\\"}]\", DeathLootTable:\"dawn:all_weapons\"}}"
                        }
                    ]
                }
            ]
        }
    ]
}