{
	"credit": "Made with Blockbench",
	"texture_size": [128, 128],
	"textures": {
		"0": "dawn:conduit/texture_1",
		"1": "dawn:conduit/texture_2",
		"2": "dawn:conduit/texture_3",
		"3": "dawn:conduit/texture_4"
	},
	"elements": [
		{
			"from": [0, 0, 0],
			"to": [1.3, 0.5, 1.3],
			"faces": {
				"north": {"uv": [0, 0, 1.3, 0.5], "texture": "#1"},
				"east": {"uv": [0, 0, 1.3, 0.5], "texture": "#1"},
				"south": {"uv": [0, 0, 1.3, 0.5], "texture": "#1"},
				"west": {"uv": [0, 0, 1.3, 0.5], "texture": "#1"},
				"up": {"uv": [0, 0, 1.3, 1.3], "texture": "#1"},
				"down": {"uv": [0, 0, 1.3, 1.3], "texture": "#1"}
			}
		},
		{
			"from": [1.2, 0, -0.5],
			"to": [2.7, 0.5, 1.7],
			"rotation": {"angle": -22.5, "axis": "y", "origin": [0, 0, 0]},
			"faces": {
				"north": {"uv": [0, 0, 1.5, 0.5], "texture": "#1"},
				"east": {"uv": [0, 0, 2.2, 0.5], "texture": "#1"},
				"south": {"uv": [0, 0, 1.5, 0.5], "texture": "#1"},
				"west": {"uv": [0, 0, 2.2, 0.5], "texture": "#1"},
				"up": {"uv": [0, 0, 1.5, 2.2], "texture": "#1"},
				"down": {"uv": [0, 0, 1.5, 2.2], "texture": "#1"}
			}
		},
		{
			"from": [-0.5, 0, 1.2],
			"to": [1.7, 0.5, 2.7],
			"rotation": {"angle": 22.5, "axis": "y", "origin": [0, 0, 0]},
			"faces": {
				"north": {"uv": [0, 0, 2.2, 0.5], "texture": "#1"},
				"east": {"uv": [0, 0, 1.5, 0.5], "texture": "#1"},
				"south": {"uv": [0, 0, 2.2, 0.5], "texture": "#1"},
				"west": {"uv": [0, 0, 1.5, 0.5], "texture": "#1"},
				"up": {"uv": [0, 0, 2.2, 1.5], "texture": "#1"},
				"down": {"uv": [0, 0, 2.2, 1.5], "texture": "#1"}
			}
		},
		{
			"from": [2.3, 0, -1.5],
			"to": [25.6, 0.5, -0.5],
			"rotation": {"angle": -45, "axis": "y", "origin": [0, 0, 0]},
			"faces": {
				"north": {"uv": [0, 0, 16, 16], "rotation": 180, "texture": "#0"},
				"east": {"uv": [0, 0, 16, 16], "texture": "#0"},
				"south": {"uv": [0, 0, 16, 16], "texture": "#0"},
				"west": {"uv": [0, 0, 16, 16], "texture": "#0"},
				"up": {"uv": [0, 0, 16, 16], "texture": "#0"},
				"down": {"uv": [0, 0, 16, 16], "texture": "#0"}
			}
		},
		{
			"from": [2.3, 0.1, -0.5],
			"to": [25.6, 0.4, 0.5],
			"rotation": {"angle": -45, "axis": "y", "origin": [0, 0, 0]},
			"faces": {
				"north": {"uv": [0, 0, 16, 1], "texture": "#2"},
				"east": {"uv": [0, 0, 16, 1], "texture": "#2"},
				"south": {"uv": [0, 0, 16, 1], "texture": "#2"},
				"west": {"uv": [0, 0, 16, 1], "texture": "#2"},
				"up": {"uv": [0, 0, 16, 1], "texture": "#2"},
				"down": {"uv": [0, 0, 16, 1], "texture": "#2"}
			}
		},
		{
			"from": [2.3, 0, 0.5],
			"to": [25.6, 0.5, 1.5],
			"rotation": {"angle": -45, "axis": "y", "origin": [0, 0, 0]},
			"faces": {
				"north": {"uv": [0, 0, 16, 16], "texture": "#0"},
				"east": {"uv": [0, 0, 16, 16], "texture": "#0"},
				"south": {"uv": [0, 0, 16, 16], "texture": "#0"},
				"west": {"uv": [0, 0, 16, 16], "texture": "#0"},
				"up": {"uv": [0, 0, 16, 16], "texture": "#0"},
				"down": {"uv": [0, 0, 16, 16], "texture": "#0"}
			}
		},
		{
			"from": [18, -0.1, 17],
			"to": [23.1, 0.6, 18],
			"faces": {
				"north": {"uv": [0, 15, 16, 16], "texture": "#3"},
				"east": {"uv": [0, 0, 16, 1], "texture": "#3"},
				"south": {"uv": [0, 0, 16, 1], "texture": "#3"},
				"west": {"uv": [0, 0, 16, 1], "texture": "#3"},
				"up": {"uv": [10, 0, 16, 16], "rotation": 180, "texture": "#3"},
				"down": {"uv": [0, 0, 16, 16], "texture": "#3"}
			}
		},
		{
			"from": [17, -0.1, 18],
			"to": [18, 0.6, 23],
			"faces": {
				"north": {"uv": [0, 0, 1, 0.9], "texture": "#3"},
				"east": {"uv": [0, 0, 6, 0.9], "texture": "#3"},
				"south": {"uv": [0, 0, 1, 0.9], "texture": "#3"},
				"west": {"uv": [0, 15, 6, 15.9], "texture": "#3"},
				"up": {"uv": [0, 0, 6, 16], "rotation": 90, "texture": "#3"},
				"down": {"uv": [0, 0, 16, 16], "rotation": 90, "texture": "#3"}
			}
		},
		{
			"from": [24.7, -0.2, -0.7],
			"to": [25.8, 0.7, 0.7],
			"rotation": {"angle": -45, "axis": "y", "origin": [0, 0, 0]},
			"faces": {
				"north": {"uv": [0, 0, 1, 0.9], "texture": "#3"},
				"east": {"uv": [0, 0, 6, 0.9], "texture": "#3"},
				"south": {"uv": [0, 0, 1, 0.9], "texture": "#3"},
				"west": {"uv": [0, 15, 6, 15.9], "texture": "#3"},
				"up": {"uv": [0, 4.5, 6, 16], "rotation": 90, "texture": "#3"},
				"down": {"uv": [0, 4.5, 16, 16], "rotation": 90, "texture": "#3"}
			}
		},
		{
			"from": [23.3, -0.4, 23.3],
			"to": [24.9, 0.9, 24.9],
			"faces": {
				"north": {"uv": [0, 15, 6, 15.9], "texture": "#3"},
				"east": {"uv": [0, 0, 1, 0.9], "texture": "#3"},
				"south": {"uv": [0, 0, 6, 0.9], "texture": "#3"},
				"west": {"uv": [0, 0, 1, 0.9], "texture": "#3"},
				"up": {"uv": [14, 16, 16, 16], "rotation": 180, "texture": "#3"},
				"down": {"uv": [0, 4.5, 16, 16], "texture": "#3"}
			}
		},
		{
			"from": [17.4, 0, 18.4],
			"to": [22.6, 0.5, 19.8],
			"rotation": {"angle": 45, "axis": "y", "origin": [20, 0, 20]},
			"faces": {
				"north": {"uv": [0, 0, 5.2, 0.5], "texture": "#3"},
				"east": {"uv": [0, 0, 1.4, 0.5], "texture": "#3"},
				"south": {"uv": [0, 0, 5.2, 0.5], "texture": "#3"},
				"west": {"uv": [0, 0, 1.4, 0.5], "texture": "#3"},
				"up": {"uv": [0, 0, 16, 0.5], "rotation": 180, "texture": "#3"},
				"down": {"uv": [0, 0, 16, 0.4], "texture": "#3"}
			}
		},
		{
			"from": [19.5, 0, 19.8],
			"to": [20.5, 0.5, 25.8],
			"rotation": {"angle": 45, "axis": "y", "origin": [20, 0, 20]},
			"faces": {
				"north": {"uv": [0, 0, 1, 0.5], "texture": "#3"},
				"east": {"uv": [0, 0, 6, 0.5], "texture": "#3"},
				"south": {"uv": [0, 0, 1, 0.5], "texture": "#3"},
				"west": {"uv": [0, 0, 6, 0.5], "texture": "#3"},
				"up": {"uv": [0, 0, 16, 8], "texture": "#3"},
				"down": {"uv": [0, 0, 16, 8], "rotation": 180, "texture": "#3"}
			}
		},
		{
			"from": [24.35, 0, 16.4],
			"to": [26.35, 0.5, 17.5],
			"rotation": {"angle": 22.5, "axis": "y", "origin": [25, -0.2, 21]},
			"faces": {
				"north": {"uv": [0.5, 10, 2.5, 10.9], "texture": "#3"},
				"east": {"uv": [0, 0, 1.1, 0.9], "texture": "#3"},
				"south": {"uv": [0, 0, 2, 0.9], "texture": "#3"},
				"west": {"uv": [0, 0, 1.1, 0.9], "texture": "#3"},
				"up": {"uv": [0, 2, 16, 16], "rotation": 180, "texture": "#3"},
				"down": {"uv": [0, 2, 16, 16], "texture": "#3"}
			}
		},
		{
			"from": [18.2, 0, 25.45],
			"to": [19.3, 0.5, 27.45],
			"rotation": {"angle": -22.5, "axis": "y", "origin": [25, -0.2, 21]},
			"faces": {
				"north": {"uv": [0, 0, 1.1, 0.9], "texture": "#3"},
				"east": {"uv": [0, 0, 2, 0.9], "texture": "#3"},
				"south": {"uv": [0, 0, 1.1, 0.9], "texture": "#3"},
				"west": {"uv": [0, 11, 2, 11.9], "texture": "#3"},
				"up": {"uv": [0, 2, 16, 16], "rotation": 90, "texture": "#3"},
				"down": {"uv": [0, 0, 16, 16], "rotation": 90, "texture": "#3"}
			}
		}
	],
	"display": {
		"thirdperson_righthand": {
			"rotation": [128, 1, 96],
			"translation": [-6, 20.5, -1.25]
		},
		"thirdperson_lefthand": {
			"rotation": [48, 72, 99],
			"translation": [-17.75, 3.5, 15.75]
		},
		"firstperson_righthand": {
			"rotation": [107, -15, 84],
			"translation": [-2, 16.25, -6]
		},
		"firstperson_lefthand": {
			"rotation": [2, 117, 35],
			"translation": [-7.25, 14.75, 0.25]
		}
	}
}