{
	"credit": "Made with Blockbench",
	"parent": "minecraft:item/handheld",
	"textures": {
		"layer0": "dawn:sword/conduit"
	},
	"display": {
		"thirdperson_righthand": {
			"rotation": [0, 77, 51],
			"translation": [0, 11.5, 3],
			"scale": [1.2, 1.2, 1]
		},
		"thirdperson_lefthand": {
			"rotation": [0, -77, -51],
			"translation": [0, 11.5, 3],
			"scale": [1.2, 1.2, 1]
		},
		"firstperson_righthand": {
			"rotation": [0, -90, 25],
			"translation": [1.13, 7.95, 1.13]
		},
		"firstperson_lefthand": {
			"rotation": [0, 90, -25],
			"translation": [1.88, 7.95, 1.13]
		},
		"ground": {
			"translation": [0, 2.5, 0],
			"scale": [0.7, 0.7, 0.7]
		},
		"gui": {
			"translation": [2.75, 2.75, 0],
			"scale": [1.3, 1.3, 1.3]
		},
		"head": {
			"rotation": [0, 0, -99.75],
			"translation": [-2.5, -15.5, 5],
			"scale": [2, 2, 2]
		}
	}
}