{
	"credit": "Made with Blockbench",
	"parent": "minecraft:item/handheld",
	"textures": {
		"layer0": "dawn:sword/excalibur"
	},
	"display": {
		"thirdperson_righthand": {
			"rotation": [-7, -90, 55],
			"translation": [0.5, 12.25, -2.25],
			"scale": [1.3, 1.3, 1.3]
		},
		"thirdperson_lefthand": {
			"rotation": [-7, 90, -55],
			"translation": [0, 10.25, -2],
			"scale": [1.3, 1.3, 1.3]
		},
		"firstperson_righthand": {
			"rotation": [-7, -90, 25],
			"translation": [2, 9, 0.5],
			"scale": [1.3, 1.3, 1.3]
		},
		"firstperson_lefthand": {
			"rotation": [-7, 90, -25],
			"translation": [2, 9, 0.5],
			"scale": [1.3, 1.3, 1.3]
		}
	}
}