{
	"credit": "Made with Blockbench",
	"texture_size": [64, 64],
	"textures": {
		"0": "dawn:immortal_blade/main",
		"particle": "dawn:immortal_blade/main"
	},
	"elements": [
		{
			"from": [0.1, 0, -15],
			"to": [0.45, 0.4, 21.6],
			"rotation": {"angle": 0, "axis": "y", "origin": [0, 0, -15]},
			"faces": {
				"north": {"uv": [1.75, 4, 1.84375, 4.09375], "texture": "#0"},
				"east": {"uv": [1, 0, 10.15625, 0.09375], "texture": "#0"},
				"south": {"uv": [4, 1.75, 4.09375, 1.84375], "texture": "#0"},
				"west": {"uv": [1, 0.25, 10.15625, 0.34375], "texture": "#0"},
				"up": {"uv": [1.09375, 9.65625, 1, 0.5], "texture": "#0"},
				"down": {"uv": [1.09375, 9.65625, 1, 0.5], "rotation": 180, "texture": "#0"}
			}
		},
		{
			"from": [0.1, 0, -14.8],
			"to": [0.4, 0.4, -11.1],
			"rotation": {"angle": 22.5, "axis": "y", "origin": [0, 0, -15]},
			"faces": {
				"north": {"uv": [2, 4, 2.0625, 4.09375], "texture": "#0"},
				"east": {"uv": [2, 3, 2.9375, 3.09375], "texture": "#0"},
				"south": {"uv": [4, 2, 4.0625, 2.09375], "texture": "#0"},
				"west": {"uv": [3, 3, 3.9375, 3.09375], "texture": "#0"},
				"up": {"uv": [0.0625, 0.9375, 0, 0], "texture": "#0"},
				"down": {"uv": [0.0625, 0.9375, 0, 0], "texture": "#0"}
			}
		},
		{
			"from": [0.45, 0, -11.6],
			"to": [1.85, 0.4, 21.6],
			"rotation": {"angle": 0, "axis": "y", "origin": [0, 0, -15]},
			"faces": {
				"north": {"uv": [3.5, 3.25, 3.84375, 3.34375], "texture": "#0"},
				"east": {"uv": [1.5, 0.5, 9.8125, 0.59375], "texture": "#0"},
				"south": {"uv": [3.5, 3.5, 3.84375, 3.59375], "texture": "#0"},
				"west": {"uv": [1.5, 0.75, 9.8125, 0.84375], "texture": "#0"},
				"up": {"uv": [0.34375, 8.3125, 0, 0], "texture": "#0"},
				"down": {"uv": [0.34375, 0, 0, 8.3125], "texture": "#0"}
			}
		},
		{
			"from": [-0.3, 0, -14.05],
			"to": [0.4, 0.4, -11.15],
			"rotation": {"angle": 22.5, "axis": "y", "origin": [0, 0, -15]},
			"faces": {
				"north": {"uv": [3.75, 1.75, 3.9375, 1.84375], "texture": "#0"},
				"east": {"uv": [3.25, 1, 3.96875, 1.09375], "texture": "#0"},
				"south": {"uv": [2.5, 3.75, 2.6875, 3.84375], "texture": "#0"},
				"west": {"uv": [3.25, 1.25, 3.96875, 1.34375], "texture": "#0"},
				"up": {"uv": [0.1875, 0.71875, 0, 0], "texture": "#0"},
				"down": {"uv": [0.1875, 0.71875, 0, 0], "texture": "#0"}
			}
		},
		{
			"from": [-1, 0, -12.35],
			"to": [-0.3, 0.4, -11.15],
			"rotation": {"angle": 22.5, "axis": "y", "origin": [0, 0, -15]},
			"faces": {
				"north": {"uv": [2.75, 3.75, 2.9375, 3.84375], "texture": "#0"},
				"east": {"uv": [1.5, 3.75, 1.8125, 3.84375], "texture": "#0"},
				"south": {"uv": [3.5, 3.75, 3.6875, 3.84375], "texture": "#0"},
				"west": {"uv": [3.75, 1.5, 4.0625, 1.59375], "texture": "#0"},
				"up": {"uv": [0.375, 0.3125, 0.1875, 0], "texture": "#0"},
				"down": {"uv": [0.375, 0.3125, 0.1875, 0], "texture": "#0"}
			}
		},
		{
			"from": [-0.6, 0, -13.15],
			"to": [-0.3, 0.4, -12.35],
			"rotation": {"angle": 22.5, "axis": "y", "origin": [0, 0, -15]},
			"faces": {
				"north": {"uv": [2.25, 4, 2.3125, 4.09375], "texture": "#0"},
				"east": {"uv": [3.75, 3.75, 3.9375, 3.84375], "texture": "#0"},
				"south": {"uv": [4, 2.25, 4.0625, 2.34375], "texture": "#0"},
				"west": {"uv": [4, 1, 4.1875, 1.09375], "texture": "#0"},
				"up": {"uv": [0.25, 0.1875, 0.1875, 0], "texture": "#0"},
				"down": {"uv": [1.5625, 4, 1.5, 4.1875], "texture": "#0"}
			}
		},
		{
			"from": [-0.5, -1.9, 21.6],
			"to": [2.15, 0.75, 22],
			"rotation": {"angle": 45, "axis": "z", "origin": [0, 0, -15]},
			"faces": {
				"north": {"uv": [2.5, 1, 3.15625, 1.65625], "texture": "#0"},
				"east": {"uv": [3.25, 1.5, 3.34375, 2.15625], "texture": "#0"},
				"south": {"uv": [2.5, 1, 3.15625, 1.65625], "texture": "#0"},
				"west": {"uv": [2, 3.25, 2.09375, 3.90625], "texture": "#0"},
				"up": {"uv": [2.90625, 3.34375, 2.25, 3.25], "texture": "#0"},
				"down": {"uv": [3.90625, 2.25, 3.25, 2.34375], "texture": "#0"}
			}
		},
		{
			"from": [0.2, -0.1, 22],
			"to": [1.7, 0.5, 29.8],
			"rotation": {"angle": 0, "axis": "y", "origin": [0, 0, -15]},
			"faces": {
				"north": {"uv": [3.5, 2, 3.875, 2.15625], "texture": "#0"},
				"east": {"uv": [2.5, 2.5, 4.4375, 2.65625], "texture": "#0"},
				"south": {"uv": [2.5, 3.5, 2.875, 3.65625], "texture": "#0"},
				"west": {"uv": [2.5, 2.75, 4.4375, 2.90625], "texture": "#0"},
				"up": {"uv": [1.875, 2.9375, 1.5, 1], "texture": "#0"},
				"down": {"uv": [1.875, 2.9375, 1.5, 1], "rotation": 180, "texture": "#0"}
			}
		}
	],
	"display": {
		"thirdperson_righthand": {
			"rotation": [113, 0, -90],
			"translation": [5.25, 12.75, 1.25],
			"scale": [0, 0, 0]
		},
		"thirdperson_lefthand": {
			"rotation": [158, 132, -180],
			"translation": [-8.5, -0.25, 9.25],
			"scale": [0.7, 0.7, 0.7]
		},
		"firstperson_righthand": {
			"rotation": [91, -6, -106],
			"translation": [9, 15.75, -8],
			"scale": [0, 0, 0]
		},
		"firstperson_lefthand": {
			"rotation": [-5, 84, -180],
			"translation": [-4, -3.75, -10.75],
			"scale": [0, 0, 0]
		},
		"ground": {
			"translation": [3.5, 4, 0],
			"scale": [0.5, 0.5, 0.5]
		},
		"gui": {
			"rotation": [-150.1, -41.99, 91.1],
			"translation": [-4.5, -7.5, 0],
			"scale": [0.9, 0.9, 0.9]
		},
		"head": {
			"rotation": [90, 140, -180],
			"translation": [8.5, -20.5, -2.25]
		},
		"fixed": {
			"rotation": [90, -48, 0],
			"translation": [2.5, -3.75, 4],
			"scale": [0.6, 0.6, 0.6]
		}
	}
}