{
	"parent": "minecraft:item/handheld",
	"textures": {
		"layer0": "dawn:sword/infinity_blade"
	},
	"display":{
		"gui": {
			"rotation": [ 10, 10, 0 ],
			"translation": [ 2, 2, -2 ],
			"scale": [ 1.3, 1.3, 1.3 ]
		},
		"firstperson_righthand": {
            "rotation": [ -7, -90, 25 ],
            "translation": [ 2, 9, 0.5 ],
			"scale": [ 1.3, 1.3, 1.3 ]
		},
		"firstperson_lefthand": {
            "rotation": [ -7, 90, -25 ],
            "translation": [ 2, 9, 0.5 ],
			"scale": [ 1.3, 1.3, 1.3 ]
		},
		"thirdperson_righthand": {
            "rotation": [ -7, -90, 55 ],
            "translation": [ 2, 4.5, 0.5 ],
			"scale": [ 1.3, 1.3, 1.3 ]
		},
		"thirdperson_lefthand": {
            "rotation": [ -7, 90, -55 ],
            "translation": [ 0, 4.5, 0.5 ],
			"scale": [ 1.3, 1.3, 1.3 ]
		}
	}
}
