{
	"credit": "Made with Blockbench",
	"ambientocclusion": false,
	"texture_size": [32, 32],
	"textures": {
		"0": "dawn:sword/infinity_blade_3D_1",
		"1": "dawn:sword/infinity_blade_3D_2",
		"particle": "dawn:sword/infinity_blade_3D_1"
	},
	"elements": [
		{
			"from": [-13.2, 0, -10.35],
			"to": [-12.3, 1, -8.35],
			"rotation": {"angle": 22.5, "axis": "y", "origin": [-14.1, 0, -13.4]},
			"faces": {
				"north": {"uv": [0, 0, 0.45, 0.5], "texture": "#0"},
				"east": {"uv": [0, 0, 1, 0.5], "texture": "#0"},
				"south": {"uv": [0, 0, 0.45, 0.5], "texture": "#0"},
				"west": {"uv": [0, 0, 1, 0.5], "texture": "#0"},
				"up": {"uv": [0, 0, 0.45, 1], "texture": "#0"},
				"down": {"uv": [0, 0, 0.45, 1], "texture": "#0"}
			}
		},
		{
			"from": [-10.65, 0, -13.4],
			"to": [-8.65, 1, -12.5],
			"rotation": {"angle": -22.5, "axis": "y", "origin": [-14.1, 0, -13.4]},
			"faces": {
				"north": {"uv": [0, 0, 1, 0.5], "texture": "#0"},
				"east": {"uv": [0, 0, 0.45, 0.5], "texture": "#0"},
				"south": {"uv": [0, 0, 1, 0.5], "texture": "#0"},
				"west": {"uv": [0, 0, 0.45, 0.5], "texture": "#0"},
				"up": {"uv": [0, 0, 0.45, 1], "rotation": 270, "texture": "#0"},
				"down": {"uv": [0, 0, 0.45, 1], "rotation": 90, "texture": "#0"}
			}
		},
		{
			"from": [-12.1, 0, -12.1],
			"to": [-10.9, 1, -10.9],
			"rotation": {"angle": 0, "axis": "y", "origin": [-14.2, 0, -14.2]},
			"faces": {
				"north": {"uv": [0, 0, 0.6, 0.5], "texture": "#0"},
				"east": {"uv": [0, 0, 0.6, 0.5], "texture": "#0"},
				"south": {"uv": [0, 0, 0.6, 0.5], "texture": "#0"},
				"west": {"uv": [0, 0, 0.6, 0.5], "texture": "#0"},
				"up": {"uv": [0, 0, 0.6, 0.6], "texture": "#0"},
				"down": {"uv": [0, 0, 0.6, 0.6], "texture": "#0"}
			}
		},
		{
			"from": [-11.2, 0, -11.2],
			"to": [-9, 1, -9],
			"rotation": {"angle": 0, "axis": "y", "origin": [-14.1, 0, -14.1]},
			"faces": {
				"north": {"uv": [0, 0, 1.1, 0.5], "texture": "#0"},
				"east": {"uv": [0, 0, 1.1, 0.5], "texture": "#0"},
				"south": {"uv": [0, 0, 1.1, 0.5], "texture": "#0"},
				"west": {"uv": [0, 0, 1.1, 0.5], "texture": "#0"},
				"up": {"uv": [0, 0, 1.1, 1.1], "texture": "#0"},
				"down": {"uv": [0, 0, 1.1, 1.1], "texture": "#0"}
			}
		},
		{
			"from": [-9.6, 0, -11.1],
			"to": [-8.6, 1, 4.9],
			"rotation": {"angle": 45, "axis": "y", "origin": [-8, 0, -8]},
			"faces": {
				"north": {"uv": [0, 0, 0.5, 0.5], "texture": "#0"},
				"east": {"uv": [0, 0, 8, 0.5], "texture": "#0"},
				"south": {"uv": [0, 0, 0.5, 0.5], "texture": "#0"},
				"west": {"uv": [0, 0, 8, 0.5], "texture": "#0"},
				"up": {"uv": [0, 0, 0.5, 8], "texture": "#0"},
				"down": {"uv": [0, 0, 0.5, 8], "texture": "#0"}
			}
		},
		{
			"from": [-9.6, 0, 4.9],
			"to": [-9.1, 1, 10.5],
			"rotation": {"angle": 45, "axis": "y", "origin": [-8, 0, -8]},
			"faces": {
				"north": {"uv": [0, 0, 0.25, 0.5], "texture": "#0"},
				"east": {"uv": [0, 0, 2.8, 0.5], "texture": "#0"},
				"south": {"uv": [0, 0, 0.25, 0.5], "texture": "#0"},
				"west": {"uv": [0, 0, 2.8, 0.5], "texture": "#0"},
				"up": {"uv": [0, 0, 0.25, 2.8], "texture": "#0"},
				"down": {"uv": [0, 0, 0.25, 2.8], "texture": "#0"}
			}
		},
		{
			"from": [-7.4, 0, -11.1],
			"to": [-6.4, 1, 4.9],
			"rotation": {"angle": 45, "axis": "y", "origin": [-8, 0, -8]},
			"faces": {
				"north": {"uv": [0, 0, 0.5, 0.5], "texture": "#0"},
				"east": {"uv": [0, 0, 8, 0.5], "texture": "#0"},
				"south": {"uv": [0, 0, 0.5, 0.5], "texture": "#0"},
				"west": {"uv": [0, 0, 8, 0.5], "texture": "#0"},
				"up": {"uv": [0, 0, 0.5, 8], "texture": "#0"},
				"down": {"uv": [0, 0, 0.5, 8], "texture": "#0"}
			}
		},
		{
			"from": [-6.8, 0, 4.9],
			"to": [-6.4, 1, 10.5],
			"rotation": {"angle": 45, "axis": "y", "origin": [-8, 0, -8]},
			"faces": {
				"north": {"uv": [0, 0, 0.2, 0.5], "texture": "#0"},
				"east": {"uv": [0, 0, 2.8, 0.5], "texture": "#0"},
				"south": {"uv": [0, 0, 0.2, 0.5], "texture": "#0"},
				"west": {"uv": [0, 0, 2.8, 0.5], "texture": "#0"},
				"up": {"uv": [0, 0, 0.2, 2.8], "texture": "#0"},
				"down": {"uv": [0, 0, 0.2, 2.8], "texture": "#0"}
			}
		},
		{
			"from": [-0.4, 0, 8.5],
			"to": [0.6, 1, 9.4],
			"rotation": {"angle": 22.5, "axis": "y", "origin": [-8, 0, -8]},
			"faces": {
				"north": {"uv": [0, 0, 0.5, 0.5], "texture": "#0"},
				"east": {"uv": [0, 0, 0.45, 0.5], "texture": "#0"},
				"south": {"uv": [0, 0, 0.5, 0.5], "texture": "#0"},
				"west": {"uv": [0, 0, 0.45, 0.5], "texture": "#0"},
				"up": {"uv": [0, 0, 0.5, 0.45], "texture": "#0"},
				"down": {"uv": [0, 0, 0.5, 0.45], "texture": "#0"}
			}
		},
		{
			"from": [8.5, 0, -0.4],
			"to": [9.4, 1, 0.6],
			"rotation": {"angle": -22.5, "axis": "y", "origin": [-8, 0, -8]},
			"faces": {
				"north": {"uv": [0, 0, 0.45, 0.5], "texture": "#0"},
				"east": {"uv": [0, 0, 0.5, 0.5], "texture": "#0"},
				"south": {"uv": [0, 0, 0.45, 0.5], "texture": "#0"},
				"west": {"uv": [0, 0, 0.5, 0.5], "texture": "#0"},
				"up": {"uv": [0, 0, 0.5, 0.45], "rotation": 270, "texture": "#0"},
				"down": {"uv": [0, 0, 0.5, 0.45], "rotation": 90, "texture": "#0"}
			}
		},
		{
			"from": [-15.6, 0, 11.8],
			"to": [-12.4, 1, 13.1],
			"rotation": {"angle": 45, "axis": "y", "origin": [-14, 0, -14]},
			"faces": {
				"north": {"uv": [0, 0, 1.6, 0.5], "texture": "#0"},
				"east": {"uv": [0, 0, 0.65, 0.5], "texture": "#0"},
				"south": {"uv": [0, 0, 1.6, 0.5], "texture": "#0"},
				"west": {"uv": [0, 0, 0.65, 0.5], "texture": "#0"},
				"up": {"uv": [0, 0, 1.6, 0.65], "texture": "#0"},
				"down": {"uv": [0, 0, 1.6, 0.65], "texture": "#0"}
			}
		},
		{
			"from": [-15.6, 0, -7.6],
			"to": [-12.4, 1, 3.7],
			"rotation": {"angle": 45, "axis": "y", "origin": [-14, 0, -14]},
			"faces": {
				"north": {"uv": [0, 0, 1.6, 0.5], "texture": "#0"},
				"east": {"uv": [0, 0, 6.85, 0.5], "texture": "#0"},
				"south": {"uv": [0, 0, 1.6, 0.5], "texture": "#0"},
				"west": {"uv": [0, 0, 6.85, 0.5], "texture": "#0"},
				"up": {"uv": [0, 0, 1.6, 6.85], "texture": "#0"},
				"down": {"uv": [0, 0, 1.6, 6.85], "texture": "#0"}
			}
		},
		{
			"from": [-15.6, 0, 4.8],
			"to": [-12.4, 1, 6.2],
			"rotation": {"angle": 45, "axis": "y", "origin": [-14, 0, -14]},
			"faces": {
				"north": {"uv": [0, 0, 1.6, 0.5], "texture": "#0"},
				"east": {"uv": [0, 0, 6.85, 0.5], "texture": "#0"},
				"south": {"uv": [0, 0, 1.6, 0.5], "texture": "#0"},
				"west": {"uv": [0, 0, 6.85, 0.5], "texture": "#0"},
				"up": {"uv": [0, 0, 1.6, 6.85], "texture": "#0"},
				"down": {"uv": [0, 0, 1.6, 6.85], "texture": "#0"}
			}
		},
		{
			"from": [5.2, -0.3, 6.7],
			"to": [6.5, 1.3, 11],
			"rotation": {"angle": 0, "axis": "y", "origin": [-15, 0, -15]},
			"faces": {
				"north": {"uv": [0, 0, 0.65, 0.5], "texture": "#1"},
				"east": {"uv": [0, 0, 2.15, 0.5], "texture": "#1"},
				"south": {"uv": [0, 0, 0.65, 0.5], "texture": "#1"},
				"west": {"uv": [0, 0, 2.15, 0.5], "texture": "#1"},
				"up": {"uv": [0, 0, 0.65, 2.15], "texture": "#1"},
				"down": {"uv": [0, 0, 0.65, 2.15], "texture": "#1"}
			}
		},
		{
			"from": [0, -0.3, 13.6],
			"to": [1.3, 1.3, 18],
			"rotation": {"angle": 22.5, "axis": "y", "origin": [-15, 0, -15]},
			"faces": {
				"north": {"uv": [0, 0, 0.65, 0.5], "texture": "#1"},
				"east": {"uv": [0, 0, 2.2, 0.5], "texture": "#1"},
				"south": {"uv": [0, 0, 0.65, 0.5], "texture": "#1"},
				"west": {"uv": [0, 0, 2.2, 0.5], "texture": "#1"},
				"up": {"uv": [0, 0, 0.65, 2.2], "texture": "#1"},
				"down": {"uv": [0, 0, 0.65, 2.2], "texture": "#1"}
			}
		},
		{
			"from": [6.7, -0.3, 5.2],
			"to": [11, 1.3, 6.5],
			"rotation": {"angle": 0, "axis": "y", "origin": [-15, 0, -15]},
			"faces": {
				"north": {"uv": [0, 0, 2.15, 0.5], "texture": "#1"},
				"east": {"uv": [0, 0, 0.65, 0.5], "texture": "#1"},
				"south": {"uv": [0, 0, 2.15, 0.5], "texture": "#1"},
				"west": {"uv": [0, 0, 0.65, 0.5], "texture": "#1"},
				"up": {"uv": [0, 0, 0.65, 2.15], "rotation": 270, "texture": "#1"},
				"down": {"uv": [0, 0, 0.65, 2.15], "rotation": 90, "texture": "#1"}
			}
		},
		{
			"from": [13.6, -0.3, 0],
			"to": [18, 1.3, 1.3],
			"rotation": {"angle": -22.5, "axis": "y", "origin": [-15, 0, -15]},
			"faces": {
				"north": {"uv": [0, 0, 2.2, 0.5], "texture": "#1"},
				"east": {"uv": [0, 0, 0.65, 0.5], "texture": "#1"},
				"south": {"uv": [0, 0, 2.2, 0.5], "texture": "#1"},
				"west": {"uv": [0, 0, 0.65, 0.5], "texture": "#1"},
				"up": {"uv": [0, 0, 0.65, 2.2], "rotation": 270, "texture": "#1"},
				"down": {"uv": [0, 0, 0.65, 2.2], "rotation": 90, "texture": "#1"}
			}
		},
		{
			"from": [-2.4, -0.3, 14.4],
			"to": [2.4, 1.3, 15.5],
			"rotation": {"angle": 45, "axis": "y", "origin": [0, 0, 0]},
			"faces": {
				"north": {"uv": [0, 0, 2.4, 0.5], "texture": "#1"},
				"east": {"uv": [0, 0, 0.55, 0.5], "texture": "#1"},
				"south": {"uv": [0, 0, 2.4, 0.5], "texture": "#1"},
				"west": {"uv": [0, 0, 0.55, 0.5], "texture": "#1"},
				"up": {"uv": [0, 0, 2.4, 0.55], "texture": "#1"},
				"down": {"uv": [0, 0, 2.4, 0.55], "texture": "#1"}
			}
		},
		{
			"from": [5.2, 0, 10.4],
			"to": [6.2, 1, 11.4],
			"faces": {
				"north": {"uv": [0, 0, 0.5, 0.5], "texture": "#1"},
				"east": {"uv": [0, 0, 0.5, 0.5], "texture": "#1"},
				"south": {"uv": [0, 0, 0.5, 0.5], "texture": "#1"},
				"west": {"uv": [0, 0, 0.5, 0.5], "texture": "#1"},
				"up": {"uv": [0, 0, 0.5, 0.5], "texture": "#1"},
				"down": {"uv": [0, 0, 0.5, 0.5], "texture": "#1"}
			}
		},
		{
			"from": [10.4, 0, 5.2],
			"to": [11.4, 1, 6.2],
			"faces": {
				"north": {"uv": [0, 0, 0.5, 0.5], "texture": "#1"},
				"east": {"uv": [0, 0, 0.5, 0.5], "texture": "#1"},
				"south": {"uv": [0, 0, 0.5, 0.5], "texture": "#1"},
				"west": {"uv": [0, 0, 0.5, 0.5], "texture": "#1"},
				"up": {"uv": [0, 0, 0.5, 0.5], "texture": "#1"},
				"down": {"uv": [0, 0, 0.5, 0.5], "texture": "#1"}
			}
		},
		{
			"from": [10.6, 0, 9.1],
			"to": [11.6, 1, 10.1],
			"faces": {
				"north": {"uv": [0, 0, 0.5, 0.5], "texture": "#1"},
				"east": {"uv": [0, 0, 0.5, 0.5], "texture": "#1"},
				"south": {"uv": [0, 0, 0.5, 0.5], "texture": "#1"},
				"west": {"uv": [0, 0, 0.5, 0.5], "texture": "#1"},
				"up": {"uv": [0, 0, 0.5, 0.5], "texture": "#1"},
				"down": {"uv": [0, 0, 0.5, 0.5], "texture": "#1"}
			}
		},
		{
			"from": [9.1, 0, 10.7],
			"to": [10.1, 1, 11.7],
			"faces": {
				"north": {"uv": [0, 0, 0.5, 0.5], "texture": "#1"},
				"east": {"uv": [0, 0, 0.5, 0.5], "texture": "#1"},
				"south": {"uv": [0, 0, 0.5, 0.5], "texture": "#1"},
				"west": {"uv": [0, 0, 0.5, 0.5], "texture": "#1"},
				"up": {"uv": [0, 0, 0.5, 0.5], "texture": "#1"},
				"down": {"uv": [0, 0, 0.5, 0.5], "texture": "#1"}
			}
		},
		{
			"from": [5.2, -0.3, 5.2],
			"to": [7.6, 1.3, 7.6],
			"faces": {
				"north": {"uv": [0, 0, 1.2, 0.5], "texture": "#1"},
				"east": {"uv": [0, 0, 1.2, 0.5], "texture": "#1"},
				"south": {"uv": [0, 0, 1.2, 0.5], "texture": "#1"},
				"west": {"uv": [0, 0, 1.2, 0.5], "texture": "#1"},
				"up": {"uv": [0, 0, 1.2, 1.2], "texture": "#1"},
				"down": {"uv": [0, 0, 1.2, 1.2], "texture": "#1"}
			}
		},
		{
			"from": [4.7, 0, 4.7],
			"to": [5.2, 1, 6.6],
			"faces": {
				"north": {"uv": [0, 0, 0.25, 0.5], "texture": "#0"},
				"east": {"uv": [0, 0, 0.95, 0.5], "texture": "#0"},
				"south": {"uv": [0, 0, 0.25, 0.5], "texture": "#0"},
				"west": {"uv": [0, 0, 0.95, 0.5], "texture": "#0"},
				"up": {"uv": [0, 0, 0.25, 0.95], "texture": "#0"},
				"down": {"uv": [0, 0, 0.25, 0.95], "texture": "#0"}
			}
		},
		{
			"from": [5.1, 0, 4.7],
			"to": [6.6, 1, 5.2],
			"faces": {
				"north": {"uv": [0, 0, 0.75, 0.5], "texture": "#0"},
				"east": {"uv": [0, 0, 0.25, 0.5], "texture": "#0"},
				"south": {"uv": [0, 0, 0.75, 0.5], "texture": "#0"},
				"west": {"uv": [0, 0, 0.25, 0.5], "texture": "#0"},
				"up": {"uv": [0, 0, 0.75, 0.25], "texture": "#0"},
				"down": {"uv": [0, 0, 0.75, 0.25], "texture": "#0"}
			}
		},
		{
			"from": [15, 0, -0.7],
			"to": [20.4, 1, 0.7],
			"rotation": {"angle": -45, "axis": "y", "origin": [0, 0, 0]},
			"faces": {
				"north": {"uv": [0, 0, 2.7, 0.5], "texture": "#1"},
				"east": {"uv": [0, 0, 0.7, 0.5], "texture": "#1"},
				"south": {"uv": [0, 0, 2.7, 0.5], "texture": "#1"},
				"west": {"uv": [0, 0, 0.7, 0.5], "texture": "#1"},
				"up": {"uv": [0, 0, 2.7, 0.7], "texture": "#1"},
				"down": {"uv": [0, 0, 2.7, 0.7], "texture": "#1"}
			}
		},
		{
			"from": [14, 0, 13.9],
			"to": [16, 1, 14.6],
			"faces": {
				"north": {"uv": [0, 0, 1, 0.5], "texture": "#1"},
				"east": {"uv": [0, 0, 0.35, 0.5], "texture": "#1"},
				"south": {"uv": [0, 0, 1, 0.5], "texture": "#1"},
				"west": {"uv": [0, 0, 0.35, 0.5], "texture": "#1"},
				"up": {"uv": [0, 0, 1, 0.35], "texture": "#1"},
				"down": {"uv": [0, 0, 1, 0.35], "texture": "#1"}
			}
		},
		{
			"from": [14, 0, 15.3],
			"to": [16, 1, 16],
			"faces": {
				"north": {"uv": [0, 0, 1, 0.5], "texture": "#1"},
				"east": {"uv": [0, 0, 0.35, 0.5], "texture": "#1"},
				"south": {"uv": [0, 0, 1, 0.5], "texture": "#1"},
				"west": {"uv": [0, 0, 0.35, 0.5], "texture": "#1"},
				"up": {"uv": [0, 0, 1, 0.35], "texture": "#1"},
				"down": {"uv": [0, 0, 1, 0.35], "texture": "#1"}
			}
		},
		{
			"from": [13.9, 0, 14],
			"to": [14.6, 1, 16],
			"faces": {
				"north": {"uv": [0, 0, 0.35, 0.5], "texture": "#1"},
				"east": {"uv": [0, 0, 1, 0.5], "texture": "#1"},
				"south": {"uv": [0, 0, 0.35, 0.5], "texture": "#1"},
				"west": {"uv": [0, 0, 1, 0.5], "texture": "#1"},
				"up": {"uv": [0, 0, 1, 0.35], "rotation": 90, "texture": "#1"},
				"down": {"uv": [0, 0, 1, 0.35], "rotation": 270, "texture": "#1"}
			}
		},
		{
			"from": [15.3, 0, 13.9],
			"to": [16, 1, 15.9],
			"faces": {
				"north": {"uv": [0, 0, 0.35, 0.5], "texture": "#1"},
				"east": {"uv": [0, 0, 1, 0.5], "texture": "#1"},
				"south": {"uv": [0, 0, 0.35, 0.5], "texture": "#1"},
				"west": {"uv": [0, 0, 1, 0.5], "texture": "#1"},
				"up": {"uv": [0, 0, 1, 0.35], "rotation": 90, "texture": "#1"},
				"down": {"uv": [0, 0, 1, 0.35], "rotation": 270, "texture": "#1"}
			}
		},
		{
			"from": [1.9, 0, 9.3],
			"to": [2.9, 1, 10.3],
			"rotation": {"angle": 45, "axis": "y", "origin": [0, 0, 0]},
			"faces": {
				"north": {"uv": [0, 0, 0.5, 0.5], "texture": "#1"},
				"east": {"uv": [0, 0, 0.5, 0.5], "texture": "#1"},
				"south": {"uv": [0, 0, 0.5, 0.5], "texture": "#1"},
				"west": {"uv": [0, 0, 0.5, 0.5], "texture": "#1"},
				"up": {"uv": [0, 0, 0.5, 0.5], "texture": "#1"},
				"down": {"uv": [0, 0, 0.5, 0.5], "texture": "#1"}
			}
		},
		{
			"from": [-2.9, 0, 9.3],
			"to": [-1.9, 1, 10.3],
			"rotation": {"angle": 45, "axis": "y", "origin": [0, 0, 0]},
			"faces": {
				"north": {"uv": [0, 0, 0.5, 0.5], "texture": "#1"},
				"east": {"uv": [0, 0, 0.5, 0.5], "texture": "#1"},
				"south": {"uv": [0, 0, 0.5, 0.5], "texture": "#1"},
				"west": {"uv": [0, 0, 0.5, 0.5], "texture": "#1"},
				"up": {"uv": [0, 0, 0.5, 0.5], "texture": "#1"},
				"down": {"uv": [0, 0, 0.5, 0.5], "texture": "#1"}
			}
		},
		{
			"from": [-0.9, 0, 0.2],
			"to": [0.1, 1, 1.2],
			"faces": {
				"north": {"uv": [0, 0, 0.5, 0.5], "texture": "#0"},
				"east": {"uv": [0, 0, 0.5, 0.5], "texture": "#0"},
				"south": {"uv": [0, 0, 0.5, 0.5], "texture": "#0"},
				"west": {"uv": [0, 0, 0.5, 0.5], "texture": "#0"},
				"up": {"uv": [0, 0, 0.5, 0.5], "texture": "#0"},
				"down": {"uv": [0, 0, 0.5, 0.5], "texture": "#0"}
			}
		},
		{
			"from": [0.2, 0, -0.9],
			"to": [1.2, 1, 0.1],
			"faces": {
				"north": {"uv": [0, 0, 0.5, 0.5], "texture": "#0"},
				"east": {"uv": [0, 0, 0.5, 0.5], "texture": "#0"},
				"south": {"uv": [0, 0, 0.5, 0.5], "texture": "#0"},
				"west": {"uv": [0, 0, 0.5, 0.5], "texture": "#0"},
				"up": {"uv": [0, 0, 0.5, 0.5], "texture": "#0"},
				"down": {"uv": [0, 0, 0.5, 0.5], "texture": "#0"}
			}
		},
		{
			"from": [-0.5, 0, -1.8],
			"to": [0.5, 1, -0.8],
			"faces": {
				"north": {"uv": [0, 0, 0.5, 0.5], "texture": "#0"},
				"east": {"uv": [0, 0, 0.5, 0.5], "texture": "#0"},
				"south": {"uv": [0, 0, 0.5, 0.5], "texture": "#0"},
				"west": {"uv": [0, 0, 0.5, 0.5], "texture": "#0"},
				"up": {"uv": [0, 0, 0.5, 0.5], "texture": "#0"},
				"down": {"uv": [0, 0, 0.5, 0.5], "texture": "#0"}
			}
		},
		{
			"from": [-1.8, 0, -0.5],
			"to": [-0.8, 1, 0.5],
			"faces": {
				"north": {"uv": [0, 0, 0.5, 0.5], "texture": "#0"},
				"east": {"uv": [0, 0, 0.5, 0.5], "texture": "#0"},
				"south": {"uv": [0, 0, 0.5, 0.5], "texture": "#0"},
				"west": {"uv": [0, 0, 0.5, 0.5], "texture": "#0"},
				"up": {"uv": [0, 0, 0.5, 0.5], "texture": "#0"},
				"down": {"uv": [0, 0, 0.5, 0.5], "texture": "#0"}
			}
		},
		{
			"from": [-2.7, 0, -1.6],
			"to": [-1.7, 1, -0.6],
			"faces": {
				"north": {"uv": [0, 0, 0.5, 0.5], "texture": "#0"},
				"east": {"uv": [0, 0, 0.5, 0.5], "texture": "#0"},
				"south": {"uv": [0, 0, 0.5, 0.5], "texture": "#0"},
				"west": {"uv": [0, 0, 0.5, 0.5], "texture": "#0"},
				"up": {"uv": [0, 0, 0.5, 0.5], "texture": "#0"},
				"down": {"uv": [0, 0, 0.5, 0.5], "texture": "#0"}
			}
		},
		{
			"from": [-1.6, 0, -2.7],
			"to": [-0.6, 1, -1.7],
			"faces": {
				"north": {"uv": [0, 0, 0.5, 0.5], "texture": "#0"},
				"east": {"uv": [0, 0, 0.5, 0.5], "texture": "#0"},
				"south": {"uv": [0, 0, 0.5, 0.5], "texture": "#0"},
				"west": {"uv": [0, 0, 0.5, 0.5], "texture": "#0"},
				"up": {"uv": [0, 0, 0.5, 0.5], "texture": "#0"},
				"down": {"uv": [0, 0, 0.5, 0.5], "texture": "#0"}
			}
		},
		{
			"from": [0, 0, 1.3],
			"to": [1, 1, 2.3],
			"faces": {
				"north": {"uv": [0, 0, 0.5, 0.5], "texture": "#0"},
				"east": {"uv": [0, 0, 0.5, 0.5], "texture": "#0"},
				"south": {"uv": [0, 0, 0.5, 0.5], "texture": "#0"},
				"west": {"uv": [0, 0, 0.5, 0.5], "texture": "#0"},
				"up": {"uv": [0, 0, 0.5, 0.5], "texture": "#0"},
				"down": {"uv": [0, 0, 0.5, 0.5], "texture": "#0"}
			}
		},
		{
			"from": [-1.1, 0, 1.6],
			"to": [1.2, 1, 3],
			"rotation": {"angle": 45, "axis": "y", "origin": [0, 0, 0]},
			"faces": {
				"north": {"uv": [0, 0, 1.15, 0.5], "texture": "#0"},
				"east": {"uv": [0, 0, 0.7, 0.5], "texture": "#0"},
				"south": {"uv": [0, 0, 1.15, 0.5], "texture": "#0"},
				"west": {"uv": [0, 0, 0.7, 0.5], "texture": "#0"},
				"up": {"uv": [0, 0, 1.15, 0.7], "texture": "#0"},
				"down": {"uv": [0, 0, 1.15, 0.7], "texture": "#0"}
			}
		},
		{
			"from": [-1.1, 0, 5.6],
			"to": [1.2, 1, 6.8],
			"rotation": {"angle": 45, "axis": "y", "origin": [0, 0, 0]},
			"faces": {
				"north": {"uv": [0, 0, 1.15, 0.5], "texture": "#0"},
				"east": {"uv": [0, 0, 0.6, 0.5], "texture": "#0"},
				"south": {"uv": [0, 0, 1.15, 0.5], "texture": "#0"},
				"west": {"uv": [0, 0, 0.6, 0.5], "texture": "#0"},
				"up": {"uv": [0, 0, 1.15, 0.6], "texture": "#0"},
				"down": {"uv": [0, 0, 1.15, 0.6], "texture": "#0"}
			}
		},
		{
			"from": [1.3, 0, 0],
			"to": [2.3, 1, 1],
			"faces": {
				"north": {"uv": [0, 0, 0.5, 0.5], "texture": "#0"},
				"east": {"uv": [0, 0, 0.5, 0.5], "texture": "#0"},
				"south": {"uv": [0, 0, 0.5, 0.5], "texture": "#0"},
				"west": {"uv": [0, 0, 0.5, 0.5], "texture": "#0"},
				"up": {"uv": [0, 0, 0.5, 0.5], "texture": "#0"},
				"down": {"uv": [0, 0, 0.5, 0.5], "texture": "#0"}
			}
		},
		{
			"from": [2.5, 0, 1.2],
			"to": [3.5, 1, 1.7],
			"faces": {
				"north": {"uv": [0, 0, 0.5, 0.5], "texture": "#0"},
				"east": {"uv": [0, 0, 0.25, 0.5], "texture": "#0"},
				"south": {"uv": [0, 0, 0.5, 0.5], "texture": "#0"},
				"west": {"uv": [0, 0, 0.25, 0.5], "texture": "#0"},
				"up": {"uv": [0, 0, 0.5, 0.25], "texture": "#0"},
				"down": {"uv": [0, 0, 0.5, 0.25], "texture": "#0"}
			}
		},
		{
			"from": [2.7, 0, 4.3],
			"to": [3.7, 1, 4.8],
			"faces": {
				"north": {"uv": [0, 0, 0.5, 0.5], "texture": "#0"},
				"east": {"uv": [0, 0, 0.25, 0.5], "texture": "#0"},
				"south": {"uv": [0, 0, 0.5, 0.5], "texture": "#0"},
				"west": {"uv": [0, 0, 0.25, 0.5], "texture": "#0"},
				"up": {"uv": [0, 0, 0.5, 0.25], "texture": "#0"},
				"down": {"uv": [0, 0, 0.5, 0.25], "texture": "#0"}
			}
		},
		{
			"from": [1.3, 0, 2.5],
			"to": [1.7, 1, 3.5],
			"faces": {
				"north": {"uv": [0, 0, 0.2, 0.5], "texture": "#0"},
				"east": {"uv": [0, 0, 0.5, 0.5], "texture": "#0"},
				"south": {"uv": [0, 0, 0.2, 0.5], "texture": "#0"},
				"west": {"uv": [0, 0, 0.5, 0.5], "texture": "#0"},
				"up": {"uv": [0, 0, 0.2, 0.5], "texture": "#0"},
				"down": {"uv": [0, 0, 0.2, 0.5], "texture": "#0"}
			}
		},
		{
			"from": [4.3, 0, 2.6],
			"to": [4.8, 1, 3.6],
			"faces": {
				"north": {"uv": [0, 0, 0.25, 0.5], "texture": "#0"},
				"east": {"uv": [0, 0, 0.5, 0.5], "texture": "#0"},
				"south": {"uv": [0, 0, 0.25, 0.5], "texture": "#0"},
				"west": {"uv": [0, 0, 0.5, 0.5], "texture": "#0"},
				"up": {"uv": [0, 0, 0.25, 0.5], "texture": "#0"},
				"down": {"uv": [0, 0, 0.25, 0.5], "texture": "#0"}
			}
		}
	],
	"display": {
		"thirdperson_righthand": {
			"rotation": [149, 16, 102],
			"translation": [-6.25, 5.25, -0.25]
		},
		"thirdperson_lefthand": {
			"rotation": [3, 66, 128],
			"translation": [-8.5, -2.25, 7.5]
		},
		"firstperson_righthand": {
			"rotation": [114, 2, 85],
			"translation": [-4.25, -2, -2.75],
			"scale": [1.5, 1.5, 1.5]
		},
		"firstperson_lefthand": {
			"rotation": [-3, 117, 51],
			"translation": [7, 4.75, 4.25]
		},
		"ground": {
			"translation": [0, 8, 0]
		},
		"gui": {
			"rotation": [90, -90, 21],
			"translation": [-1.5, 0.75, 0]
		},
		"head": {
			"rotation": [89, -45, 0],
			"translation": [0, 23.25, 14.75],
			"scale": [2, 2, 2]
		},
		"fixed": {
			"rotation": [90, 0, 0],
			"translation": [4, -4, 4.25],
			"scale": [0.75, 0.75, 0.75]
		}
	}
}