{
	"credit": "Made with Blockbench",
	"textures": {
		"0": "dawn:katana/texture_1",
		"1": "dawn:katana/texture_2",
		"particle": "dawn:katana/texture_1"
	},
	"elements": [
		{
			"from": [0.1, 0, -15],
			"to": [0.45, 0.4, 21.6],
			"rotation": {"angle": 0, "axis": "y", "origin": [0, 0, -15]},
			"faces": {
				"north": {"uv": [7.65, 14, 11.25, 16], "rotation": 90, "texture": "#0"},
				"east": {"uv": [7.65, 14, 11.25, 16], "rotation": 90, "texture": "#0"},
				"south": {"uv": [7.65, 14, 11.25, 16], "rotation": 90, "texture": "#0"},
				"west": {"uv": [7.65, 14, 11.25, 16], "rotation": 90, "texture": "#0"},
				"up": {"uv": [7.65, 14, 11.25, 16], "rotation": 90, "texture": "#0"},
				"down": {"uv": [7.65, 14, 11.25, 16], "rotation": 270, "texture": "#0"}
			}
		},
		{
			"from": [0.1, 0, -14.8],
			"to": [0.4, 0.4, -11.1],
			"rotation": {"angle": 22.5, "axis": "y", "origin": [0, 0, -15]},
			"faces": {
				"north": {"uv": [0, 0, 0.3, 0.4], "texture": "#0"},
				"east": {"uv": [0, 0, 3.7, 0.4], "texture": "#0"},
				"south": {"uv": [0, 0, 0.3, 0.4], "texture": "#0"},
				"west": {"uv": [0, 0, 3.7, 0.4], "texture": "#0"},
				"up": {"uv": [0, 0, 3.7, 0.3], "rotation": 90, "texture": "#0"},
				"down": {"uv": [0, 0, 3.7, 0.3], "rotation": 270, "texture": "#0"}
			}
		},
		{
			"from": [0.45, 0, -11.6],
			"to": [1.85, 0.4, 21.6],
			"rotation": {"angle": 0, "axis": "y", "origin": [0, 0, -15]},
			"faces": {
				"north": {"uv": [0, 0, 1.4, 0.4], "texture": "#0"},
				"east": {"uv": [15, 0, 16, 15.9], "texture": "#0"},
				"south": {"uv": [0, 0, 1.4, 0.4], "texture": "#0"},
				"west": {"uv": [0, 0, 16, 0.4], "texture": "#0"},
				"up": {"uv": [7, 0, 8.4, 16], "rotation": 180, "texture": "#0"},
				"down": {"uv": [7, 0, 8.4, 16], "rotation": 180, "texture": "#0"}
			}
		},
		{
			"from": [-0.3, 0, -14.05],
			"to": [0.4, 0.4, -11.15],
			"rotation": {"angle": 22.5, "axis": "y", "origin": [0, 0, -15]},
			"faces": {
				"north": {"uv": [0, 0, 0.7, 0.4], "texture": "#0"},
				"east": {"uv": [0, 0, 2.9, 0.4], "texture": "#0"},
				"south": {"uv": [0, 0, 0.7, 0.4], "texture": "#0"},
				"west": {"uv": [0, 0, 2.9, 0.4], "texture": "#0"},
				"up": {"uv": [0, 0, 2.9, 0.7], "rotation": 90, "texture": "#0"},
				"down": {"uv": [0, 0, 2.9, 0.7], "rotation": 270, "texture": "#0"}
			}
		},
		{
			"from": [-1, 0, -12.35],
			"to": [-0.3, 0.4, -11.15],
			"rotation": {"angle": 22.5, "axis": "y", "origin": [0, 0, -15]},
			"faces": {
				"north": {"uv": [0, 0, 0.7, 0.4], "texture": "#0"},
				"east": {"uv": [0, 0, 1.2, 0.4], "texture": "#0"},
				"south": {"uv": [0, 0, 0.7, 0.4], "texture": "#0"},
				"west": {"uv": [0, 0, 1.2, 0.4], "texture": "#0"},
				"up": {"uv": [14.75, 0, 15.95, 0.7], "rotation": 90, "texture": "#0"},
				"down": {"uv": [14.75, 0, 15.95, 0.7], "rotation": 270, "texture": "#0"}
			}
		},
		{
			"from": [-0.6, 0, -13.15],
			"to": [-0.3, 0.4, -12.35],
			"rotation": {"angle": 22.5, "axis": "y", "origin": [0, 0, -15]},
			"faces": {
				"north": {"uv": [0, 0, 0.3, 0.4], "texture": "#0"},
				"east": {"uv": [0, 0, 0.8, 0.4], "texture": "#0"},
				"south": {"uv": [0, 0, 0.3, 0.4], "texture": "#0"},
				"west": {"uv": [0, 0, 0.8, 0.4], "texture": "#0"},
				"up": {"uv": [14.75, 0, 15.55, 0.3], "rotation": 90, "texture": "#0"},
				"down": {"uv": [14.75, 0, 15.55, 0.3], "rotation": 270, "texture": "#0"}
			}
		},
		{
			"from": [-2, -0.4, 21.6],
			"to": [3.9, 0.8, 22],
			"rotation": {"angle": 0, "axis": "y", "origin": [0, 0, -15]},
			"faces": {
				"north": {"uv": [0, 0, 5.9, 1.2], "texture": "#1"},
				"east": {"uv": [0, 0, 0.4, 1.2], "texture": "#1"},
				"south": {"uv": [0, 0, 5.9, 1.2], "texture": "#1"},
				"west": {"uv": [0, 0, 0.4, 1.2], "texture": "#1"},
				"up": {"uv": [0, 0, 5.9, 0.4], "texture": "#1"},
				"down": {"uv": [0, 0, 5.9, 0.4], "texture": "#1"}
			}
		},
		{
			"from": [0.1, -0.1, 22],
			"to": [1.8, 0.5, 29.4],
			"rotation": {"angle": 0, "axis": "y", "origin": [0, 0, -15]},
			"faces": {
				"north": {"uv": [0, 8.475, 1.7, 16], "texture": "#1"},
				"east": {"uv": [0, 8.475, 1.7, 16], "rotation": 90, "texture": "#1"},
				"south": {"uv": [0, 0, 1.7, 7.525], "texture": "#1"},
				"west": {"uv": [0, 8.475, 1.7, 16], "rotation": 90, "texture": "#1"},
				"up": {"uv": [0, 8.475, 1.7, 16], "texture": "#1"},
				"down": {"uv": [0, 8.475, 1.7, 16], "texture": "#1"}
			}
		},
		{
			"from": [0.4, -0.3, 22],
			"to": [1.5, 0.7, 29.4],
			"rotation": {"angle": 0, "axis": "y", "origin": [0, 0, -15]},
			"faces": {
				"north": {"uv": [0, 0, 1.1, 1], "texture": "#1"},
				"east": {"uv": [0, 0, 7.4, 1], "texture": "#1"},
				"south": {"uv": [0, 0, 1.1, 1], "texture": "#1"},
				"west": {"uv": [0, 0, 7.4, 1], "texture": "#1"},
				"up": {"uv": [0, 8.475, 1.1, 16], "texture": "#1"},
				"down": {"uv": [0, 8.6, 1.1, 16], "texture": "#1"}
			}
		}
	],
	"display": {
		"thirdperson_righthand": {
			"rotation": [113, 0, -90],
			"translation": [5.25, 12.75, 1.25],
			"scale": [0.7, 0.7, 0.7]
		},
		"thirdperson_lefthand": {
			"rotation": [-56, 130, 169],
			"translation": [-12, -0.5, 10],
			"scale": [0.7, 0.7, 0.7]
		},
		"firstperson_righthand": {
			"rotation": [91, -6, -106],
			"translation": [9, 15.75, -8]
		},
		"firstperson_lefthand": {
			"rotation": [-5, 84, -180],
			"translation": [-4, -3.75, -10.75]
		},
		"ground": {
			"translation": [6.75, 4, 0]
		},
		"gui": {
			"rotation": [90, -45, 0],
			"translation": [6.25, -0.5, 0],
			"scale": [0.7, 0.7, 0.7]
		},
		"head": {
			"rotation": [90, 140, -180],
			"translation": [8.5, -20.5, -2.25]
		},
		"fixed": {
			"rotation": [90, -48, 0],
			"translation": [2.5, -3.75, 4],
			"scale": [0.6, 0.6, 0.6]
		}
	}
}