{
	"credit": "Made with Blockbench",
	"parent": "minecraft:item/handheld",
	"textures": {
		"layer0": "dawn:sword/light_excalibur"
	},
	"display": {
		"thirdperson_righthand": {
			"rotation": [-7, -90, 55],
			"translation": [2, 41.75, -11.75],
			"scale": [4, 4, 4]
		},
		"thirdperson_lefthand": {
			"rotation": [-7, 90, -55],
			"translation": [2.5, 42, -12],
			"scale": [4, 4, 4]
		},
		"firstperson_righthand": {
			"rotation": [-20, -90, 55],
			"translation": [5, 36, -20],
			"scale": [4, 4, 4]
		},
		"firstperson_lefthand": {
			"rotation": [-20, 90, -55],
			"translation": [5, 36, -20],
			"scale": [4, 4, 4]
		},
		"ground": {
			"translation": [-0.75, 37.75, 0],
			"scale": [4, 4, 4]
		},
		"gui": {
			"translation": [25, 25, -25],
			"scale": [4, 4, 4]
		},
		"head": {
			"rotation": [0, 0, 45],
			"translation": [0, 50.75, 0],
			"scale": [4, 4, 4]
		}
	}
}