{
	"credit": "Made with Blockbench",
	"parent": "minecraft:item/handheld",
	"textures": {
		"layer0": "dawn:sword/permanently_banned"
	},
	"display": {
		"thirdperson_righthand": {
			"rotation": [-113, 0, -180],
			"translation": [-6.5, -2, 6],
			"scale": [2, 2, 2]
		},
		"thirdperson_lefthand": {
			"rotation": [-113, 0, -180],
			"translation": [-6.5, -2, 6],
			"scale": [2, 2, 2]
		},
		"firstperson_righthand": {
			"rotation": [-7, -90, 25],
			"translation": [2, 9, 0.5],
			"scale": [1.3, 1.3, 1.3]
		},
		"firstperson_lefthand": {
			"rotation": [-7, -90, 0],
			"translation": [2, 9, 0.5],
			"scale": [1.3, 1.3, 1.3]
		},
		"ground": {
			"translation": [0, 4.5, 0],
			"scale": [1, 1, 4]
		},
		"head": {
			"rotation": [0, -180, 0],
			"translation": [0, 0, -5.25],
			"scale": [1, 1, 4]
		},
		"fixed": {
			"rotation": [0, -180, 0]
		}
	}
}