{
	"credit": "Made with Blockbench",
	"texture_size": [64, 64],
	"textures": {
		"0": "dawn:shutsu_crane/main",
		"particle": "dawn:shutsu_crane/main"
	},
	"elements": [
		{
			"from": [16.9, 0.3, 12.4],
			"to": [17.4, 0.5, 14.7],
			"rotation": {"angle": 22.5, "axis": "y", "origin": [13.4, 0.2, 18.6]},
			"faces": {
				"north": {"uv": [5.5, 3.25, 5.625, 3.34375], "texture": "#0"},
				"east": {"uv": [4.75, 1.25, 5.3125, 1.34375], "texture": "#0"},
				"south": {"uv": [3.5, 5.5, 3.625, 5.59375], "texture": "#0"},
				"west": {"uv": [4.75, 1.5, 5.3125, 1.59375], "texture": "#0"},
				"up": {"uv": [2.375, 4.8125, 2.25, 4.25], "texture": "#0"},
				"down": {"uv": [2.625, 4.25, 2.5, 4.8125], "texture": "#0"}
			}
		},
		{
			"from": [12.9, 0.3, 13],
			"to": [13.5, 0.5, 15.3],
			"rotation": {"angle": -22.5, "axis": "y", "origin": [13.4, 0.2, 18.6]},
			"faces": {
				"north": {"uv": [5.5, 2, 5.65625, 2.09375], "texture": "#0"},
				"east": {"uv": [4.75, 2.5, 5.3125, 2.59375], "texture": "#0"},
				"south": {"uv": [2.25, 5.5, 2.40625, 5.59375], "texture": "#0"},
				"west": {"uv": [4.75, 3.5, 5.3125, 3.59375], "texture": "#0"},
				"up": {"uv": [4.15625, 3.0625, 4, 2.5], "texture": "#0"},
				"down": {"uv": [2.625, 4.25, 2.5, 4.8125], "texture": "#0"}
			}
		},
		{
			"from": [14.6, 0.3, 12.7],
			"to": [15.2, 0.5, 14.3],
			"rotation": {"angle": 0, "axis": "y", "origin": [13.4, 0.2, 18.6]},
			"faces": {
				"north": {"uv": [5.5, 2.25, 5.65625, 2.34375], "texture": "#0"},
				"east": {"uv": [3.25, 5, 3.65625, 5.09375], "texture": "#0"},
				"south": {"uv": [2.5, 5.5, 2.65625, 5.59375], "texture": "#0"},
				"west": {"uv": [5, 3.25, 5.40625, 3.34375], "texture": "#0"},
				"up": {"uv": [4.40625, 3.90625, 4.25, 3.5], "texture": "#0"},
				"down": {"uv": [2.625, 4.25, 2.5, 4.8125], "texture": "#0"}
			}
		},
		{
			"from": [10.6, 0, 16],
			"to": [15.8, 0.8, 16.3],
			"rotation": {"angle": 0, "axis": "y", "origin": [13, 0, 23]},
			"faces": {
				"north": {"uv": [2.5, 1, 3.9375, 1.34375], "texture": "#0"},
				"east": {"uv": [4.75, 5.25, 4.8125, 5.59375], "texture": "#0"},
				"south": {"uv": [2.5, 1.5, 3.9375, 1.84375], "texture": "#0"},
				"west": {"uv": [5.25, 4.75, 5.3125, 5.09375], "texture": "#0"},
				"up": {"uv": [3.1875, 4.0625, 1.75, 4], "texture": "#0"},
				"down": {"uv": [3.1875, 4.0625, 1.75, 4], "texture": "#0"}
			}
		},
		{
			"from": [10.6, 0, 16.5],
			"to": [15.8, 0.8, 16.8],
			"rotation": {"angle": 0, "axis": "y", "origin": [13, 0, 23]},
			"faces": {
				"north": {"uv": [2.5, 2, 3.9375, 2.34375], "texture": "#0"},
				"east": {"uv": [5, 5.25, 5.0625, 5.59375], "texture": "#0"},
				"south": {"uv": [2.5, 2.5, 3.9375, 2.84375], "texture": "#0"},
				"west": {"uv": [5.25, 5.25, 5.3125, 5.59375], "texture": "#0"},
				"up": {"uv": [5.4375, 2.0625, 4, 2], "texture": "#0"},
				"down": {"uv": [3.1875, 4.0625, 1.75, 4], "texture": "#0"}
			}
		},
		{
			"from": [12.7, 0.1, 16.3],
			"to": [15.3, 0.7, 16.6],
			"rotation": {"angle": 0, "axis": "y", "origin": [13, 0, 23]},
			"faces": {
				"north": {"uv": [3.25, 3, 3.90625, 3.3125], "texture": "#0"},
				"east": {"uv": [5.5, 1, 5.5625, 1.3125], "texture": "#0"},
				"south": {"uv": [1.5, 3.5, 2.15625, 3.8125], "texture": "#0"},
				"west": {"uv": [5.5, 1, 5.5625, 1.3125], "texture": "#0"},
				"up": {"uv": [5.65625, 2.8125, 5, 2.75], "texture": "#0"},
				"down": {"uv": [5.65625, 2.8125, 5, 2.75], "texture": "#0"}
			}
		},
		{
			"from": [11.3, 0.3, 12.5],
			"to": [11.5, 0.5, 17.3],
			"rotation": {"angle": 0, "axis": "y", "origin": [13, -0.1, 22.9]},
			"faces": {
				"north": {"uv": [4.5, 5.5, 4.5625, 5.5625], "texture": "#0"},
				"east": {"uv": [4, 4, 5.1875, 4.0625], "texture": "#0"},
				"south": {"uv": [5.5, 4.5, 5.5625, 4.5625], "texture": "#0"},
				"west": {"uv": [4.25, 1, 5.4375, 1.0625], "texture": "#0"},
				"up": {"uv": [1.8125, 5.4375, 1.75, 4.25], "texture": "#0"},
				"down": {"uv": [1.8125, 4.25, 1.75, 5.4375], "texture": "#0"}
			}
		},
		{
			"from": [13.4, 0.2, 17.1],
			"to": [14.8, 0.6, 23.5],
			"rotation": {"angle": 0, "axis": "y", "origin": [13.2, -0.1, 16]},
			"faces": {
				"north": {"uv": [4.25, 4.5, 4.59375, 4.65625], "texture": "#0"},
				"east": {"uv": [1.5, 3, 3.09375, 3.15625], "texture": "#0"},
				"south": {"uv": [4.5, 4.25, 4.84375, 4.40625], "texture": "#0"},
				"west": {"uv": [1.5, 3.25, 3.09375, 3.40625], "texture": "#0"},
				"up": {"uv": [1.84375, 2.59375, 1.5, 1], "texture": "#0"},
				"down": {"uv": [1.84375, 1, 1.5, 2.59375], "texture": "#0"}
			}
		},
		{
			"from": [13.9, 0, 19.4],
			"to": [14.4, 0.7, 23.1],
			"rotation": {"angle": 0, "axis": "y", "origin": [13.2, -0.1, 16]},
			"faces": {
				"north": {"uv": [4.25, 4.5, 4.59375, 4.65625], "texture": "#0"},
				"east": {"uv": [1.5, 3, 3.09375, 3.15625], "texture": "#0"},
				"south": {"uv": [4.5, 4.25, 4.84375, 4.40625], "texture": "#0"},
				"west": {"uv": [1.5, 3.25, 3.09375, 3.40625], "texture": "#0"},
				"up": {"uv": [1.6875, 1.96875, 1.59375, 1.0625], "texture": "#0"},
				"down": {"uv": [1.6875, 1.9375, 1.59375, 1.09375], "texture": "#0"}
			}
		},
		{
			"from": [14.1, 0, 16.3],
			"to": [14.6, 0.7, 17.7],
			"rotation": {"angle": -22.5, "axis": "y", "origin": [13.2, -0.1, 16]},
			"faces": {
				"north": {"uv": [4.25, 4.5, 4.59375, 4.65625], "texture": "#0"},
				"east": {"uv": [1.5, 3, 3.09375, 3.15625], "texture": "#0"},
				"south": {"uv": [4.5, 4.25, 4.84375, 4.40625], "texture": "#0"},
				"west": {"uv": [1.5, 3.25, 3.09375, 3.40625], "texture": "#0"},
				"up": {"uv": [1.6875, 1.9375, 1.59375, 1.09375], "texture": "#0"},
				"down": {"uv": [1.6875, 1.9375, 1.59375, 1.09375], "texture": "#0"}
			}
		},
		{
			"from": [12.6, 0, 18.1],
			"to": [13, 0.7, 19.6],
			"rotation": {"angle": 22.5, "axis": "y", "origin": [13.2, -0.1, 16]},
			"faces": {
				"north": {"uv": [4.25, 4.5, 4.59375, 4.65625], "texture": "#0"},
				"east": {"uv": [1.5, 3, 3.09375, 3.15625], "texture": "#0"},
				"south": {"uv": [4.5, 4.25, 4.84375, 4.40625], "texture": "#0"},
				"west": {"uv": [1.5, 3.25, 3.09375, 3.40625], "texture": "#0"},
				"up": {"uv": [1.6875, 1.9375, 1.59375, 1.09375], "texture": "#0"},
				"down": {"uv": [1.6875, 1.9375, 1.59375, 1.09375], "texture": "#0"}
			}
		},
		{
			"from": [13.4, 0, 17.9],
			"to": [13.9, 0.7, 18.2],
			"rotation": {"angle": 0, "axis": "y", "origin": [13.2, -0.1, 16]},
			"faces": {
				"north": {"uv": [4.25, 4.5, 4.59375, 4.65625], "texture": "#0"},
				"east": {"uv": [1.5, 3, 3.09375, 3.15625], "texture": "#0"},
				"south": {"uv": [4.5, 4.25, 4.84375, 4.40625], "texture": "#0"},
				"west": {"uv": [1.5, 3.25, 3.09375, 3.40625], "texture": "#0"},
				"up": {"uv": [1.6875, 1.9375, 1.59375, 1.09375], "texture": "#0"},
				"down": {"uv": [1.65625, 1.9375, 1.59375, 1.09375], "texture": "#0"}
			}
		},
		{
			"from": [13.3, 0.2, 16.7],
			"to": [14.5, 0.6, 17.1],
			"rotation": {"angle": 0, "axis": "y", "origin": [13, -0.1, 16]},
			"faces": {
				"north": {"uv": [4.75, 3.75, 5.0625, 3.90625], "texture": "#0"},
				"east": {"uv": [5.5, 2.5, 5.59375, 2.65625], "texture": "#0"},
				"south": {"uv": [4, 4.75, 4.3125, 4.90625], "texture": "#0"},
				"west": {"uv": [2.75, 5.5, 2.84375, 5.65625], "texture": "#0"},
				"up": {"uv": [5.3125, 4.34375, 5, 4.25], "texture": "#0"},
				"down": {"uv": [2.625, 4.25, 2.5, 4.8125], "texture": "#0"}
			}
		},
		{
			"from": [12.9, 0.2, 17.4],
			"to": [13.6, 0.6, 17.9],
			"rotation": {"angle": 45, "axis": "y", "origin": [13.2, -0.1, 16]},
			"faces": {
				"north": {"uv": [5, 4.75, 5.1875, 4.90625], "texture": "#0"},
				"east": {"uv": [5.5, 1.5, 5.625, 1.65625], "texture": "#0"},
				"south": {"uv": [1.5, 5.25, 1.6875, 5.40625], "texture": "#0"},
				"west": {"uv": [1.75, 5.5, 1.875, 5.65625], "texture": "#0"},
				"up": {"uv": [4.6875, 5.375, 4.5, 5.25], "texture": "#0"},
				"down": {"uv": [2.625, 4.25, 2.5, 4.8125], "texture": "#0"}
			}
		},
		{
			"from": [13.6, 0.2, 16.6],
			"to": [14.9, 0.6, 18.2],
			"rotation": {"angle": -22.5, "axis": "y", "origin": [13.2, -0.1, 16]},
			"faces": {
				"north": {"uv": [4.5, 4.75, 4.8125, 4.90625], "texture": "#0"},
				"east": {"uv": [4.25, 1.25, 4.6875, 1.40625], "texture": "#0"},
				"south": {"uv": [4.75, 4.5, 5.0625, 4.65625], "texture": "#0"},
				"west": {"uv": [4.25, 1.5, 4.6875, 1.65625], "texture": "#0"},
				"up": {"uv": [2.5625, 3.9375, 2.25, 3.5], "texture": "#0"},
				"down": {"uv": [2.5625, 3.5, 2.25, 3.9375], "texture": "#0"}
			}
		},
		{
			"from": [8.7, 0.1, 21.9],
			"to": [9.7, 0.7, 22.9],
			"rotation": {"angle": 45, "axis": "y", "origin": [13, 0, 17]},
			"faces": {
				"north": {"uv": [1.5, 4.75, 1.75, 4.90625], "texture": "#0"},
				"east": {"uv": [2.75, 4.75, 3, 4.90625], "texture": "#0"},
				"south": {"uv": [3.25, 4.75, 3.5, 4.90625], "texture": "#0"},
				"west": {"uv": [1.5, 5, 1.75, 5.15625], "texture": "#0"},
				"up": {"uv": [4.5, 4.5, 4.25, 4.25], "texture": "#0"},
				"down": {"uv": [4.5, 4.25, 4.25, 4.5], "texture": "#0"}
			}
		},
		{
			"from": [11.9, 0.2, 17.8],
			"to": [13, 0.6, 19.7],
			"rotation": {"angle": 22.5, "axis": "y", "origin": [13.2, -0.1, 16]},
			"faces": {
				"north": {"uv": [2.25, 5, 2.53125, 5.15625], "texture": "#0"},
				"east": {"uv": [4.25, 2.5, 4.6875, 2.65625], "texture": "#0"},
				"south": {"uv": [2.75, 5, 3.03125, 5.15625], "texture": "#0"},
				"west": {"uv": [2.75, 4.25, 3.1875, 4.40625], "texture": "#0"},
				"up": {"uv": [3.53125, 3.9375, 3.25, 3.5], "texture": "#0"},
				"down": {"uv": [3.53125, 3.5, 3.25, 3.9375], "texture": "#0"}
			}
		},
		{
			"from": [14.4, 0.3, -15],
			"to": [14.75, 0.5, 16.1],
			"rotation": {"angle": 0, "axis": "y", "origin": [13, 0.2, -15]},
			"faces": {
				"north": {"uv": [5.5, 3.5, 5.59375, 3.59375], "texture": "#0"},
				"east": {"uv": [1, 0, 8.78125, 0.09375], "texture": "#0"},
				"south": {"uv": [3.75, 5.5, 3.84375, 5.59375], "texture": "#0"},
				"west": {"uv": [1, 0.25, 8.78125, 0.34375], "texture": "#0"},
				"up": {"uv": [1.09375, 8.28125, 1, 0.5], "texture": "#0"},
				"down": {"uv": [1.09375, 0.5, 1, 8.28125], "texture": "#0"}
			}
		},
		{
			"from": [14.3, 0.3, -15.5],
			"to": [14.7, 0.5, -11.9],
			"rotation": {"angle": -22.5, "axis": "y", "origin": [13, 0.2, -15]},
			"faces": {
				"north": {"uv": [5.5, 3.75, 5.59375, 3.84375], "texture": "#0"},
				"east": {"uv": [1.5, 2.75, 2.40625, 2.84375], "texture": "#0"},
				"south": {"uv": [4, 5.5, 4.09375, 5.59375], "texture": "#0"},
				"west": {"uv": [4, 3.25, 4.90625, 3.34375], "texture": "#0"},
				"up": {"uv": [3.59375, 4.90625, 3.5, 4], "texture": "#0"},
				"down": {"uv": [3.59375, 4, 3.5, 4.90625], "texture": "#0"}
			}
		},
		{
			"from": [13.05, 0.3, -11.6],
			"to": [14.45, 0.5, 16.1],
			"rotation": {"angle": 0, "axis": "y", "origin": [13, 0.2, -15]},
			"faces": {
				"north": {"uv": [3.75, 5, 4.09375, 5.09375], "texture": "#0"},
				"east": {"uv": [1.5, 0.5, 8.4375, 0.59375], "texture": "#0"},
				"south": {"uv": [4.25, 5, 4.59375, 5.09375], "texture": "#0"},
				"west": {"uv": [0.28125, 0, 0.34375, 6.9375], "rotation": 90, "texture": "#0"},
				"up": {"uv": [0.34375, 6.9375, 0, 0], "texture": "#0"},
				"down": {"uv": [0.34375, 0, 0, 6.9375], "texture": "#0"}
			}
		},
		{
			"from": [14.7, 0.3, -14.75],
			"to": [14.9, 0.5, -11.85],
			"rotation": {"angle": -22.5, "axis": "y", "origin": [13, 0.2, -15]},
			"faces": {
				"north": {"uv": [3, 5.5, 3.15625, 5.59375], "texture": "#0"},
				"east": {"uv": [4.25, 2.75, 4.96875, 2.84375], "texture": "#0"},
				"south": {"uv": [3.25, 5.5, 3.40625, 5.59375], "texture": "#0"},
				"west": {"uv": [4.25, 3, 4.96875, 3.09375], "texture": "#0"},
				"up": {"uv": [4.15625, 1.71875, 4, 1], "texture": "#0"},
				"down": {"uv": [2.625, 4.25, 2.5, 4.8125], "texture": "#0"}
			}
		},
		{
			"from": [14.9, 0.3, -13.15],
			"to": [15.6, 0.5, -11.85],
			"rotation": {"angle": -22.5, "axis": "y", "origin": [13, 0.2, -15]},
			"faces": {
				"north": {"uv": [5.5, 1.75, 5.6875, 1.84375], "texture": "#0"},
				"east": {"uv": [2.25, 5.25, 2.5625, 5.34375], "texture": "#0"},
				"south": {"uv": [2, 5.5, 2.1875, 5.59375], "texture": "#0"},
				"west": {"uv": [2.75, 5.25, 3.0625, 5.34375], "texture": "#0"},
				"up": {"uv": [3.1875, 4.8125, 3, 4.5], "texture": "#0"},
				"down": {"uv": [2.625, 4.25, 2.5, 4.8125], "texture": "#0"}
			}
		},
		{
			"from": [14.9, 0.3, -14.05],
			"to": [15.3, 0.5, -12.95],
			"rotation": {"angle": -22.5, "axis": "y", "origin": [13, 0.2, -15]},
			"faces": {
				"north": {"uv": [5.5, 4, 5.59375, 4.09375], "texture": "#0"},
				"east": {"uv": [3.25, 5.25, 3.53125, 5.34375], "texture": "#0"},
				"south": {"uv": [5.5, 4.25, 5.59375, 4.34375], "texture": "#0"},
				"west": {"uv": [3.75, 5.25, 4.03125, 5.34375], "texture": "#0"},
				"up": {"uv": [5.34375, 4.03125, 5.25, 3.75], "texture": "#0"},
				"down": {"uv": [2.625, 4.25, 2.5, 4.8125], "texture": "#0"}
			}
		}
	],
	"display": {
		"thirdperson_righthand": {
			"rotation": [118, 0, 90],
			"translation": [-6, 10.75, 1.25],
			"scale": [0.8, 0.8, 0.8]
		},
		"thirdperson_lefthand": {
			"rotation": [-56, 130, 169],
			"translation": [-3, 5, 10.5],
			"scale": [0.8, 0.8, 0.8]
		},
		"firstperson_righthand": {
			"rotation": [91, -6, 105],
			"translation": [-7, 12.5, -3.5]
		},
		"firstperson_lefthand": {
			"rotation": [-5, 84, 0],
			"translation": [0.5, 10.75, -6.75]
		},
		"ground": {
			"translation": [-6.25, 7.25, 5.5]
		},
		"gui": {
			"rotation": [90, -45, 0],
			"translation": [-1.75, 4, 0],
			"scale": [0.7, 0.7, 0.7]
		},
		"head": {
			"rotation": [14, -180, 90],
			"translation": [2.75, -29, -5.25],
			"scale": [1.3, 1.3, 1.3]
		},
		"fixed": {
			"rotation": [90, 45, 0],
			"translation": [-1, -4.75, 4.25],
			"scale": [0.6, 0.6, 0.6]
		}
	}
}