{
	"credit": "Made with Blockbench",
	"parent": "minecraft:item/handheld",
	"textures": {
		"layer0": "dawn:sword/sleeping_beauty"
	},
	"display": {
		"thirdperson_righthand": {
			"rotation": [-7, -90, 55],
			"translation": [-0.25, 7.75, -2.25],
			"scale": [1.3, 1.3, 1.3]
		},
		"thirdperson_lefthand": {
			"rotation": [51, 155, -102],
			"translation": [-7.5, 4.75, 3],
			"scale": [1.3, 1.3, 1.3]
		},
		"firstperson_righthand": {
			"rotation": [-7, -90, 25],
			"translation": [2, 7, 0.5],
			"scale": [1.3, 1.3, 1.3]
		},
		"firstperson_lefthand": {
			"rotation": [5, 152, -113],
			"translation": [-2.5, 4.5, -1],
			"scale": [1.3, 1.3, 1.3]
		},
		"ground": {
			"translation": [0, 4, 0]
		},
		"gui": {
			"rotation": [-50, 20, -55],
			"translation": [2, -2, -2],
			"scale": [1.3, 1.3, 1.3]
		},
		"head": {
			"rotation": [0, 0, -45],
			"translation": [-5, 0, 0],
			"scale": [2, 2, 2]
		}
	}
}