{
	"credit": "Made with Blockbench",
	"texture_size": [32, 32],
	"textures": {
		"0": "dawn:solar_sword/texture_1",
		"1": "dawn:solar_sword/texture_2",
		"2": "dawn:solar_sword/texture_3",
		"3": "dawn:solar_sword/texture_4"
	},
	"elements": [
		{
			"from": [7.3, -13, 7.3],
			"to": [8.6, -8.2, 8.7],
			"rotation": {"angle": 0, "axis": "y", "origin": [7, -13.6, 7]},
			"faces": {
				"north": {"uv": [0, 0, 16, 16], "texture": "#0"},
				"east": {"uv": [0, 0, 16, 16], "texture": "#0"},
				"south": {"uv": [0, 0, 16, 16], "texture": "#0"},
				"west": {"uv": [0, 0, 16, 16], "texture": "#0"},
				"up": {"uv": [0, 0, 16, 16], "texture": "#0"},
				"down": {"uv": [0, 0, 16, 16], "texture": "#0"}
			}
		},
		{
			"from": [7, -9.4, 7],
			"to": [8.9, -8.3, 9],
			"rotation": {"angle": 0, "axis": "y", "origin": [7, -13.6, 7]},
			"faces": {
				"north": {"uv": [0, 0, 0.95, 0.55], "texture": "#0"},
				"east": {"uv": [0, 0, 1, 0.55], "texture": "#0"},
				"south": {"uv": [0, 0, 0.95, 0.55], "texture": "#0"},
				"west": {"uv": [0, 0, 1, 0.55], "texture": "#0"},
				"up": {"uv": [0, 0, 0.95, 1], "texture": "#0"},
				"down": {"uv": [0, 0, 0.95, 1], "texture": "#0"}
			}
		},
		{
			"from": [7, -12.6, 7],
			"to": [8.9, -11.4, 9],
			"rotation": {"angle": 0, "axis": "y", "origin": [7, -13.6, 7]},
			"faces": {
				"north": {"uv": [0, 0, 0.95, 0.6], "texture": "#0"},
				"east": {"uv": [0, 0, 1, 0.6], "texture": "#0"},
				"south": {"uv": [0, 0, 0.95, 0.6], "texture": "#0"},
				"west": {"uv": [0, 0, 1, 0.6], "texture": "#0"},
				"up": {"uv": [0, 0, 0.95, 1], "texture": "#0"},
				"down": {"uv": [0, 0, 0.95, 1], "texture": "#0"}
			}
		},
		{
			"from": [7.3, -8, 7.1],
			"to": [8.6, 20.4, 9],
			"rotation": {"angle": 0, "axis": "y", "origin": [7, -13.6, 7]},
			"faces": {
				"north": {"uv": [0, 0, 0.65, 14.2], "texture": "#3"},
				"east": {"uv": [0, 0, 0.95, 14.2], "texture": "#3"},
				"south": {"uv": [0, 0, 0.65, 14.2], "texture": "#3"},
				"west": {"uv": [0, 0, 0.95, 14.2], "texture": "#3"},
				"up": {"uv": [0, 0, 0.65, 0.95], "texture": "#3"},
				"down": {"uv": [0, 0, 0.65, 0.95], "texture": "#3"}
			}
		},
		{
			"from": [7.3, 20.4, 7.4],
			"to": [8.6, 21, 8.7],
			"rotation": {"angle": 0, "axis": "y", "origin": [7, -13.6, 7]},
			"faces": {
				"north": {"uv": [0, 0, 0.65, 0.3], "texture": "#3"},
				"east": {"uv": [0, 0, 0.65, 0.3], "texture": "#3"},
				"south": {"uv": [0, 0, 0.65, 0.3], "texture": "#3"},
				"west": {"uv": [0, 0, 0.65, 0.3], "texture": "#3"},
				"up": {"uv": [0, 0, 0.65, 0.65], "texture": "#3"},
				"down": {"uv": [0, 0, 0.65, 0.65], "texture": "#3"}
			}
		},
		{
			"from": [8.6, -8, 7.4],
			"to": [8.9, 20.4, 8.7],
			"rotation": {"angle": 0, "axis": "y", "origin": [7, -13.6, 7]},
			"faces": {
				"north": {"uv": [0, 0, 0.15, 14.2], "texture": "#3"},
				"east": {"uv": [0, 0, 0.65, 14.2], "texture": "#3"},
				"south": {"uv": [0, 0, 0.15, 14.2], "texture": "#3"},
				"west": {"uv": [0, 0, 0.65, 14.2], "texture": "#3"},
				"up": {"uv": [0, 0, 0.65, 0.15], "rotation": 270, "texture": "#3"},
				"down": {"uv": [0, 0, 0.65, 0.15], "rotation": 90, "texture": "#3"}
			}
		},
		{
			"from": [7, -8, 7.4],
			"to": [7.3, 20.4, 8.7],
			"rotation": {"angle": 0, "axis": "y", "origin": [7, -13.6, 7]},
			"faces": {
				"north": {"uv": [0, 0, 0.15, 14.2], "texture": "#3"},
				"east": {"uv": [0, 0, 0.65, 14.2], "texture": "#3"},
				"south": {"uv": [0, 0, 0.15, 14.2], "texture": "#3"},
				"west": {"uv": [0, 0, 0.65, 14.2], "texture": "#3"},
				"up": {"uv": [0, 0, 0.65, 0.15], "rotation": 270, "texture": "#3"},
				"down": {"uv": [0, 0, 0.65, 0.15], "rotation": 90, "texture": "#3"}
			}
		},
		{
			"from": [6.8, -12.7, 6.8],
			"to": [9.1, -12, 9.2],
			"rotation": {"angle": 0, "axis": "y", "origin": [7, -13.6, 7]},
			"faces": {
				"north": {"uv": [0, 0, 1.15, 0.35], "texture": "#1"},
				"east": {"uv": [0, 0, 1.2, 0.35], "texture": "#1"},
				"south": {"uv": [0, 0, 1.15, 0.35], "texture": "#1"},
				"west": {"uv": [0, 0, 1.2, 0.35], "texture": "#1"},
				"up": {"uv": [0, 0, 1.15, 1.2], "texture": "#1"},
				"down": {"uv": [0, 0, 1.15, 1.2], "texture": "#1"}
			}
		},
		{
			"from": [7.1, -13.1, 7.1],
			"to": [8.8, -12.2, 8.9],
			"rotation": {"angle": 0, "axis": "y", "origin": [7, -13.6, 7]},
			"faces": {
				"north": {"uv": [0, 0, 0.85, 0.45], "texture": "#1"},
				"east": {"uv": [0, 0, 0.9, 0.45], "texture": "#1"},
				"south": {"uv": [0, 0, 0.85, 0.45], "texture": "#1"},
				"west": {"uv": [0, 0, 0.9, 0.45], "texture": "#1"},
				"up": {"uv": [0, 0, 0.85, 0.9], "texture": "#1"},
				"down": {"uv": [0, 0, 0.85, 0.9], "texture": "#1"}
			}
		},
		{
			"from": [6.6, -8.8, 6.7],
			"to": [9.3, -8, 9.3],
			"rotation": {"angle": 0, "axis": "y", "origin": [7, -13.6, 7]},
			"faces": {
				"north": {"uv": [0, 0, 1.35, 0.4], "texture": "#1"},
				"east": {"uv": [0, 0, 1.3, 0.4], "texture": "#1"},
				"south": {"uv": [0, 0, 1.35, 0.4], "texture": "#1"},
				"west": {"uv": [0, 0, 1.3, 0.4], "texture": "#1"},
				"up": {"uv": [0, 0, 1.35, 1.3], "texture": "#1"},
				"down": {"uv": [0, 0, 1.35, 1.3], "texture": "#1"}
			}
		},
		{
			"from": [7.8, -8.5, 7.8],
			"to": [8.2, 20.1, 8.2],
			"rotation": {"angle": 0, "axis": "y", "origin": [7, -13.6, 7]},
			"faces": {
				"north": {"uv": [0, 0, 0.2, 14.3], "texture": "#2"},
				"east": {"uv": [0, 0, 0.2, 14.3], "texture": "#2"},
				"south": {"uv": [0, 0, 0.2, 14.3], "texture": "#2"},
				"west": {"uv": [0, 0, 0.2, 14.3], "texture": "#2"},
				"up": {"uv": [0, 0, 0.2, 0.2], "texture": "#2"},
				"down": {"uv": [0, 0, 0.2, 0.2], "texture": "#missing"}
			}
		}
	],
	"display": {
		"thirdperson_righthand": {
			"translation": [0.5, 15, 0.5],
			"scale": [0.82, 0.82, 0.82]
		},
		"thirdperson_lefthand": {
			"rotation": [-8.28, 17.65, 49.97],
			"translation": [-14, 11.75, 2.75]
		},
		"firstperson_righthand": {
			"rotation": [-21, 49, 0],
			"translation": [1, 18.75, -4.25]
		},
		"firstperson_lefthand": {
			"rotation": [0, 0, 61],
			"translation": [-12.75, 9.75, 0.75]
		},
		"ground": {
			"rotation": [0, 0, 90],
			"translation": [-3.75, 0, 0]
		},
		"gui": {
			"rotation": [-35, -25, -45],
			"translation": [8.75, 9.5, 0]
		},
		"head": {
			"rotation": [0, 0, -90],
			"translation": [3.5, 0, 0]
		},
		"fixed": {
			"rotation": [0, 0, 45],
			"translation": [-2, 2, 0],
			"scale": [0.75, 0.75, 0.75]
		}
	}
}