{
	"parent": "minecraft:item/handheld",
	"textures": {
		"layer0": "dawn:cross/iron_cross"
	},
	"display":{
		"gui": {
			"rotation": [ 0, 0, 0 ],
			"translation": [ 22, 22, -22 ],
			"scale": [ 4, 4, 4 ]
		},
		"firstperson_righthand": {
            "rotation": [ -20, -90, 55 ],
            "translation": [ 5, 30, -20 ],
			"scale": [ 4, 4, 4 ]
		},
		"firstperson_lefthand": {
            "rotation": [ -20, 90, -55 ],
            "translation": [ 5, 30, -20 ],
			"scale": [ 4, 4, 4 ]
		},
		"thirdperson_righthand": {
            "rotation": [ -7, -90, 55 ],
            "translation": [ 2, 36, -10 ],
			"scale": [ 4, 4, 4 ]
		},
		"thirdperson_lefthand": {
            "rotation": [ -7, 90, -55 ],
            "translation": [ 0, 4.5, 0.5 ],
			"scale": [ 4, 4, 4 ]
		}
	}
}
