{
	"credit": "Made with Blockbench",
	"parent": "minecraft:item/handheld",
	"textures": {
		"layer0": "dawn:cross/judah_oath"
	},
	"display": {
		"thirdperson_righthand": {
			"rotation": [-7, -90, 55],
			"translation": [2, 33, -9],
			"scale": [4, 4, 4]
		},
		"thirdperson_lefthand": {
			"rotation": [-7, 90, -55],
			"translation": [0, 33, -9],
			"scale": [4, 4, 4]
		},
		"firstperson_righthand": {
			"rotation": [-20, -90, 55],
			"translation": [5, 30, -20],
			"scale": [4, 4, 4]
		},
		"firstperson_lefthand": {
			"rotation": [-20, 90, -55],
			"translation": [5, 30, -20],
			"scale": [4, 4, 4]
		},
		"ground": {
			"translation": [9, 11.25, 0.5],
			"scale": [2, 2, 2]
		},
		"gui": {
			"translation": [22, 22, -22],
			"scale": [4, 4, 4]
		},
		"fixed": {
			"translation": [10, 10, 0],
			"scale": [2.5, 2.5, 2.5]
		}
	}
}