{
    "pools": [
        {
            "rolls": 16,
            "entries": [
                {
                    "type": "item",
                    "name": "minecraft:copper_ingot",
                    "functions": [
                        {
                            "function": "minecraft:set_nbt",
                            "tag": "{id:\"dawn:copper\",CustomModelData:12771103,display:{Name:'{\"text\":\"铜币\",\"italic\":false,\"color\":\"#CA7E38\"}'}}"
                        }
                    ]
                }
            ]
        }
    ]
}