{
    "pools": [
        {
            "rolls": 1,
            "entries": [
                {
                    "type": "item",
                    "name": "minecraft:iron_nugget",
                    "functions": [
                        {
                            "function": "minecraft:set_nbt",
                            "tag": "{id:\"dawn:silver\",display:{Name:'{\"text\":\"银币\",\"italic\":false,\"color\":\"gray\"}'}}"
                        }
                    ]
                }
            ]
        }
    ]
}