{
    "pools": [
        {
            "rolls": 1,
            "entries": [
                {
                    "type": "item",
                    "name": "minecraft:gold_ingot",
                    "functions": [
                        {
                            "function": "minecraft:set_nbt",
                            "tag": "{id:\"dawn:pure_gold_ingot\",display:{Name:'{\"text\":\"赤金锭\",\"italic\":false,\"color\":\"gold\"}'}}"
                        }
                    ]
                }
            ]
        }
    ]
}