{
    "parent": "minecraft:item/handheld",
    "textures": {
        "layer0": "theone:four_god_weapons/sword_of_renunciation"
    },
    "display": {
        "thirdperson_righthand": {
            "rotation": [ 0, -90, 55 ],
            "translation": [ 0, 4.0, 0.5 ],
            "scale": [ 1.5 , 1.5 , 1.5 ]
          },
          "thirdperson_lefthand": {
            "rotation": [ 0, 90, -55 ],
            "translation": [ 0, 4.0, 0.5 ],
            "scale": [ 1.5, 1.5, 1.5 ]
          },
          "firstperson_righthand": {
            "rotation": [ 0, -90, 25 ],
            "translation": [ 1.13, 3.2, 1.13 ],
            "scale": [ 1.5, 1.5, 1.5 ]
          },
          "firstperson_lefthand": {
            "rotation": [ 0, 90, -25 ],
            "translation": [ 1.13, 3.2, 1.13 ],
            "scale": [ 1.5,1.5,1.5 ]
          },
        "gui": {
            "rotation": [ 0, 45, 0 ],
            "translation": [ 1.13, 3.2, 1.13 ],
            "scale": [ 1.5, 1.5, 1.5 ]
        }
    }
        
}