{
    "pools": [
        {
            "rolls": 1,
            "entries": [
                {
                    "type": "item",
                    "name": "minecraft:paper",
                    "functions": [
                        {
                            "function": "minecraft:set_nbt",
                            "tag": "{id:\"dawn:donation_certificate\",display:{Name:'{\"text\":\"捐款证书\",\"italic\":false,\"color\":\"yellow\"}'}}"
                        },
                        {
                            "function": "set_lore",
                            "lore": [
                                {
                                    "text": "将两个来自不同世界的物品摆在一起是一件",
                                    "bold": false,
                                    "italic": true,
                                    "underlined": false,
                                    "strikethrough": false,
                                    "obfuscated": false
                                },
                                {
                                    "text": "及其危险的事情，你应当明白这点",
                                    "bold": false,
                                    "italic": true,
                                    "underlined": false,
                                    "strikethrough": false,
                                    "obfuscated": false
                                },
                                {
                                    "text": "定期向ASTA捐款可以在发生灾难时得到保护",
                                    "bold": false,
                                    "italic": true,
                                    "underlined": false,
                                    "strikethrough": false,
                                    "obfuscated": false
                                }
                            ]
                        }
                    ]
                }
            ]
        }
    ]
}