{
    "pools": [
        {
            "rolls": 1,
            "entries": [
                {
                    "type": "item",
                    "name": "minecraft:carrot_on_a_stick",
                    "functions": [
                        {
                            "function": "minecraft:set_nbt",
                            "tag": "{id:\"flash\",CustomModelData:12771008,display:{Name:'{\"text\":\"[技能] 裂位斩\",\"italic\":false,\"color\":\"yellow\"}'}}"
                        },
                        {
                            "function": "set_lore",
                            "lore": [
                                {
                                    "text": "标记正前方的一个敌人，瞬移到其背后并对其造成高额伤害",
                                    "bold": false,
                                    "italic": true,
                                    "underlined": false,
                                    "strikethrough": false,
                                    "obfuscated": false
                                }
                            ]
                        }
                    ]
                }
            ]
        }
    ]
}