{
    "pools": [
        {
            "rolls": 1,
            "entries": [
                {
                    "type": "item",
                    "name": "minecraft:tipped_arrow",
                    "functions": [
                        {
                            "function": "minecraft:set_nbt",
                            "tag": "{id:\"_50_russian\",display:{Name:'{\"text\":\".50 Russian (12.7x108mm)\",\"italic\":false,\"color\":\"yellow\"}'},CustomPotionColor:2}"
                        }
                    ]
                }
            ]
        }
    ]
}