{
    "pools": [
        {
            "rolls": 1,
            "entries": [
                {
                    "type": "item",
                    "name": "minecraft:tipped_arrow",
                    "functions": [
                        {
                            "function": "minecraft:set_nbt",
                            "tag": "{id:\"ss90\",display:{Name:'{\"text\":\"SS90 (5.7x28mm)\",\"italic\":false,\"color\":\"yellow\"}'},CustomPotionColor:4}"
                        }
                    ]
                }
            ]
        }
    ]
}