{
    "pools": [
        {
            "rolls": 1,
            "entries": [
                {
                    "type": "item",
                    "name": "minecraft:diamond",
                    "functions": [
                        {
                            "function": "minecraft:set_nbt",
                            "tag": "{id:\"dawn:empty_prism\",CustomModelData:12770027,display:{Name:'{\"text\":\"空白棱镜\",\"italic\":false,\"color\":\"aqua\"}'}}"
                        }
                    ]
                }
            ]
        }
    ]
}