{
    "pools": [
        {
            "rolls": 10,
            "entries": [
                {
                    "type": "loot_table",
                    "name": "dawn:weapons/druzhina_34",
                    "weight": 1
                },
                {
                    "type": "loot_table",
                    "name": "dawn:weapons/excalibur",
                    "weight": 20
                },
                {
                    "type": "loot_table",
                    "name": "dawn:armors/exoskeleton_mk1",
                    "weight": 50
                },
                {
                    "type": "loot_table",
                    "name": "dawn:armors/exoskeleton_mk2",
                    "weight": 20
                },
                {
                    "type": "loot_table",
                    "name": "dawn:armors/exoskeleton_mk3",
                    "weight": 10
                },
                {
                    "type": "loot_table",
                    "name": "dawn:weapons/honjo_masamune",
                    "weight": 60
                },
                {
                    "type": "loot_table",
                    "name": "dawn:weapons/katana",
                    "weight": 2000
                },
                {
                    "type": "loot_table",
                    "name": "dawn:items/soul_of_glory",
                    "weight": 200
                },
                {
                    "type": "loot_table",
                    "name": "dawn:weapons/infinity_blade_3d",
                    "weight": 1
                },
                {
                    "type": "loot_table",
                    "name": "dawn:weapons/iron_cross",
                    "weight": 1000
                },
                {
                    "type": "loot_table",
                    "name": "dawn:weapons/judah_oath",
                    "weight": 30
                },
                {
                    "type": "loot_table",
                    "name": "dawn:armors/pilot_helmet",
                    "weight": 100
                },
                {
                    "type": "loot_table",
                    "name": "dawn:weapons/rage_of_ubisoft",
                    "weight": 10
                },
                {
                    "type": "loot_table",
                    "name": "dawn:weapons/reaper_sickle",
                    "weight": 80
                },
                {
                    "type": "loot_table",
                    "name": "dawn:weapons/saint_heart",
                    "weight": 5
                },
                {
                    "type": "loot_table",
                    "name": "dawn:weapons/sleeping_beauty",
                    "weight": 5
                },
                {
                    "type": "loot_table",
                    "name": "dawn:armors/solar_flare_helmet",
                    "weight": 5
                },
                {
                    "type": "loot_table",
                    "name": "dawn:weapons/solar_sword",
                    "weight": 2
                },
                {
                    "type": "loot_table",
                    "name": "dawn:weapons/true_judah_oath",
                    "weight": 5
                },
                {
                    "type": "loot_table",
                    "name": "dawn:weapons/curse",
                    "weight": 5
                }
            ]
        }
    ]
}