{
    "pools":
    [
      {
        "rolls": 1,
        "entries": 
        [
          {
            "weight": 1,
            "type": "item",
            "name": "minecraft:netherite_helmet",
            "functions": 
            [
              {
                "function": "minecraft:set_nbt",
                "tag": "{id:\"rogue:helmet\",Unbreakable:1b}"
              },
              {
                "function":"set_attributes",
                "modifiers":[
                    {
                        "name": "rre_a",
                        "attribute": "generic.attack_damage",
                        "operation": "addition",
                        "amount":{
                          "min":0,
                          "max":25
                        },
                        "slot": "head"
                    }
                ]
            },
            {
              "function":"set_attributes",
              "modifiers":[
                  {
                      "name": "rre_b",
                      "attribute": "generic.follow_range",
                      "operation": "addition",
                      "amount":{
                        "min":-10,
                        "max":40
                      },
                      "slot": "head"
                  }
              ]
          },
          {
            "function":"set_attributes",
            "modifiers":[
                {
                    "name": "rre_c",
                    "attribute": "generic.max_health",
                    "operation": "addition",
                    "amount":{
                      "min":-25,
                      "max":35
                    },
                    "slot": "head"
                }
            ]
        },
        
        
        {
          "function":"set_attributes",
          "modifiers":[
              {
                  "name": "rre_d",
                  "attribute": "generic.armor_toughness",
                  "operation": "addition",
                  "amount":{
                    "min":-10,
                    "max":20
                  },
                  "slot": "head"
              }
          ]
        },
        {
          "function":"set_attributes",
          "modifiers":[
              {
                  "name": "rre_e",
                  "attribute": "generic.armor",
                  "operation": "addition",
                  "amount":{
                    "min":-10,
                    "max":20
                  },
                  "slot": "head"
              }
          ]
        },
        {
          "function":"set_attributes",
          "modifiers":[
              {
                  "name": "rre_f",
                  "attribute": "generic.luck",
                  "operation": "addition",
                  "amount":{
                    "min":-10,
                    "max":40
                  },
                  "slot": "head"
              }
          ]
        }
        
    ]
},



      {
        "weight":1,
        "type": "item",
        "name": "minecraft:netherite_sword",
        "functions": 
        [
          {
            "function": "minecraft:set_nbt",
            "tag": "{id:\"rogue:sword_main\",Unbreakable:1b}"
          },
          {
            "function":"set_attributes",
            "modifiers":[
                {
                    "name": "rre_a",
                    "attribute": "generic.attack_damage",
                    "operation": "addition",
                    "amount":{
                      "min":0,
                      "max":25
                    },
                    "slot": "mainhand"
                }
            ]
        },
        {
          "function":"set_attributes",
          "modifiers":[
              {
                  "name": "rre_b",
                  "attribute": "generic.follow_range",
                  "operation": "addition",
                  "amount":{
                    "min":-10,
                    "max":40
                  },
                  "slot": "mainhand"
              }
          ]
      },
      {
        "function":"set_attributes",
        "modifiers":[
            {
                "name": "rre_c",
                "attribute": "generic.max_health",
                "operation": "addition",
                "amount":{
                  "min":-25,
                  "max":35
                },
                "slot": "mainhand"
            }
        ]
    },
    
    
    {
      "function":"set_attributes",
      "modifiers":[
          {
              "name": "rre_d",
              "attribute": "generic.armor_toughness",
              "operation": "addition",
              "amount":{
                "min":-10,
                "max":20
              },
              "slot": "mainhand"
          }
      ]
    },
    {
      "function":"set_attributes",
      "modifiers":[
          {
              "name": "rre_e",
              "attribute": "generic.armor",
              "operation": "addition",
              "amount":{
                "min":-10,
                "max":20
              },
              "slot": "mainhand"
          }
      ]
    },
    {
      "function":"set_attributes",
      "modifiers":[
          {
              "name": "rre_f",
              "attribute": "generic.luck",
              "operation": "addition",
              "amount":{
                "min":-10,
                "max":40
              },
              "slot": "mainhand"
          }
      ]
    }
    
]
},



      {
"weight":1,
        "type": "item",
        "name": "minecraft:netherite_axe",
        "functions": 
        [
          {
            "function": "minecraft:set_nbt",
            "tag": "{id:\"rogue:axe_off\",Unbreakable:1b}"
          },
          {
            "function":"set_attributes",
            "modifiers":[
                {
                    "name": "rre_a",
                    "attribute": "generic.attack_damage",
                    "operation": "addition",
                    "amount":{
                      "min":0,
                      "max":25
                    },
                    "slot": "offhand"
                }
            ]
        },
        {
          "function":"set_attributes",
          "modifiers":[
              {
                  "name": "rre_b",
                  "attribute": "generic.follow_range",
                  "operation": "addition",
                  "amount":{
                    "min":-10,
                    "max":40
                  },
                  "slot": "offhand"
              }
          ]
      },
      {
        "function":"set_attributes",
        "modifiers":[
            {
                "name": "rre_c",
                "attribute": "generic.max_health",
                "operation": "addition",
                "amount":{
                  "min":-25,
                  "max":35
                },
                "slot": "offhand"
            }
        ]
    },
    
    
    {
      "function":"set_attributes",
      "modifiers":[
          {
              "name": "rre_d",
              "attribute": "generic.armor_toughness",
              "operation": "addition",
              "amount":{
                "min":-10,
                "max":20
              },
              "slot": "offhand"
          }
      ]
    },
    {
      "function":"set_attributes",
      "modifiers":[
          {
              "name": "rre_e",
              "attribute": "generic.armor",
              "operation": "addition",
              "amount":{
                "min":-10,
                "max":20
              },
              "slot": "offhand"
          }
      ]
    },
    {
      "function":"set_attributes",
      "modifiers":[
          {
              "name": "rre_f",
              "attribute": "generic.luck",
              "operation": "addition",
              "amount":{
                "min":-10,
                "max":40
              },
              "slot": "offhand"
          }
      ]
    }
    
]
},

      {
        "weight":1,
        "type": "item",
        "name": "minecraft:netherite_chestplate",
        "functions": 
        [
          {
            "function": "minecraft:set_nbt",
            "tag": "{id:\"rogue:chestplate\",Unbreakable:1b}"
          },
          {
            "function":"set_attributes",
            "modifiers":[
                {
                    "name": "rre_a",
                    "attribute": "generic.attack_damage",
                    "operation": "addition",
                    "amount":{
                      "min":0,
                      "max":25
                    },
                    "slot": "chest"
                }
            ]
        },
        {
          "function":"set_attributes",
          "modifiers":[
              {
                  "name": "rre_b",
                  "attribute": "generic.follow_range",
                  "operation": "addition",
                  "amount":{
                    "min":-10,
                    "max":40
                  },
                  "slot": "chest"
              }
          ]
      },
      {
        "function":"set_attributes",
        "modifiers":[
            {
                "name": "rre_c",
                "attribute": "generic.max_health",
                "operation": "addition",
                "amount":{
                  "min":-25,
                  "max":35
                },
                "slot": "chest"
            }
        ]
    },
    
    
    {
      "function":"set_attributes",
      "modifiers":[
          {
              "name": "rre_d",
              "attribute": "generic.armor_toughness",
              "operation": "addition",
              "amount":{
                "min":-10,
                "max":20
              },
              "slot": "chest"
          }
      ]
    },
    {
      "function":"set_attributes",
      "modifiers":[
          {
              "name": "rre_e",
              "attribute": "generic.armor",
              "operation": "addition",
              "amount":{
                "min":-10,
                "max":20
              },
              "slot": "chest"
          }
      ]
    },
    {
      "function":"set_attributes",
      "modifiers":[
          {
              "name": "rre_f",
              "attribute": "generic.luck",
              "operation": "addition",
              "amount":{
                "min":-10,
                "max":40
              },
              "slot": "chest"
          }
          
      ]
    }
    
]
},

      {
        "weight":1,
        "type": "item",
        "name": "minecraft:netherite_leggings",
        "functions": 
        [
          {
            "function": "minecraft:set_nbt",
            "tag": "{id:\"rogue:leggings\",Unbreakable:1b}"
          },
          {
            "function":"set_attributes",
            "modifiers":[
                {
                    "name": "rre_a",
                    "attribute": "generic.attack_damage",
                    "operation": "addition",
                    "amount":{
                      "min":0,
                      "max":25
                    },
                    "slot": "legs"
                }
            ]
        },
        {
          "function":"set_attributes",
          "modifiers":[
              {
                  "name": "rre_b",
                  "attribute": "generic.follow_range",
                  "operation": "addition",
                  "amount":{
                    "min":-10,
                    "max":40
                  },
                  "slot": "legs"
              }
          ]
      },
      {
        "function":"set_attributes",
        "modifiers":[
            {
                "name": "rre_c",
                "attribute": "generic.max_health",
                "operation": "addition",
                "amount":{
                  "min":-25,
                  "max":35
                },
                "slot": "legs"
            }
        ]
    },
    
    
    {
      "function":"set_attributes",
      "modifiers":[
          {
              "name": "rre_d",
              "attribute": "generic.armor_toughness",
              "operation": "addition",
              "amount":{
                "min":-10,
                "max":20
              },
              "slot": "legs"
          }
      ]
    },
    {
      "function":"set_attributes",
      "modifiers":[
          {
              "name": "rre_e",
              "attribute": "generic.armor",
              "operation": "addition",
              "amount":{
                "min":-10,
                "max":20
              },
              "slot": "legs"
          }
      ]
    },
    {
      "function":"set_attributes",
      "modifiers":[
          {
              "name": "rre_f",
              "attribute": "generic.luck",
              "operation": "addition",
              "amount":{
                "min":-10,
                "max":40
              },
              "slot": "legs"
          }
          
      ]
    }
    
]
},

      {
        "weight":1,
        "type": "item",
        "name": "minecraft:netherite_boots",
        "functions": 
        [
          {
            "function": "minecraft:set_nbt",
            "tag": "{id:\"rogue:boost\",Unbreakable:1b}"
          },
          {
            "function":"set_attributes",
            "modifiers":[
                {
                    "name": "rre_a",
                    "attribute": "generic.attack_damage",
                    "operation": "addition",
                    "amount":{
                      "min":0,
                      "max":25
                    },
                    "slot": "feet"
                }
            ]
        },
        {
          "function":"set_attributes",
          "modifiers":[
              {
                  "name": "rre_b",
                  "attribute": "generic.follow_range",
                  "operation": "addition",
                  "amount":{
                    "min":-10,
                    "max":40
                  },
                  "slot": "feet"
              }
          ]
      },
      {
        "function":"set_attributes",
        "modifiers":[
            {
                "name": "rre_c",
                "attribute": "generic.max_health",
                "operation": "addition",
                "amount":{
                  "min":-25,
                  "max":35
                },
                "slot": "feet"
            }
        ]
    },
    
    
    {
      "function":"set_attributes",
      "modifiers":[
          {
              "name": "rre_d",
              "attribute": "generic.armor_toughness",
              "operation": "addition",
              "amount":{
                "min":-10,
                "max":20
              },
              "slot": "feet"
          }
      ]
    },
    {
      "function":"set_attributes",
      "modifiers":[
          {
              "name": "rre_e",
              "attribute": "generic.armor",
              "operation": "addition",
              "amount":{
                "min":-10,
                "max":20
              },
              "slot": "feet"
          }
      ]
    },
    {
      "function":"set_attributes",
      "modifiers":[
          {
              "name": "rre_f",
              "attribute": "generic.luck",
              "operation": "addition",
              "amount":{
                "min":-10,
                "max":40
              },
              "slot": "feet"
          }
          
      ]
    }
    
]
}
]
}
]
}
    
  